ID,許可證字號,中文品名,主要功效,主要成分,申請商,警語簡化,網址
1,衛部健食字第A00235號,桂格100%喝的燕麥(顆粒微甜口味),調節血脂,β-聚葡萄醣,佳格食品股份有限公司,(1)攝取本產品應取代等量之日常穀類飲食（375毫升約等於0.6碗白飯）。,http://consumer.fda.gov.tw/Food/InfoHealthFoodDetail.aspx?nodeID=162&id=261
2,衛部健食字第A00237號,桂格美味大燕麥片 莓果優格風味,"調節血脂, 免疫調節",β-聚葡萄糖：1.2~1.8公克/ 58.5公克,佳格食品股份有限公司,(1)本產品含砂糖，請注意熱量攝取。,https://consumer.fda.gov.tw/Food/InfoHealthFoodDetail.aspx?nodeID=162&id=251
3,衛部健食字第A00238號,極品綠寶藻精王®滋補飲,延緩衰老功能,總多酚,台灣綠藻工業股份有限公司,無。,https://consumer.fda.gov.tw/Food/InfoHealthFoodDetail.aspx?nodeID=162&id=248
4,衛部健食字第A00239號,KG美窈飲-高纖無糖玄米綠茶口味,調節血脂功能,菊糖,聯華食品工業股份有限公司,本品含有菊苣纖維，飲用後可促進腸道蠕動，並產生脹氣及排氣等現象，若有不適者，請停止飲用。,https://consumer.fda.gov.tw/Food/InfoHealthFoodDetail.aspx?nodeID=162&id=245
5,衛部健食字第A00241號(本證失效),LS-66®孢子乳酸菌粉末 (自衛授食字第1071302587號公告實施日〔108年7月1日〕起不得製造),胃腸功能改善,活性乳酸菌; Bacillus coagulans,遠東生物科技股份有限公司,糖尿病患者欲食用前，請先徵詢醫師意見。,https://consumer.fda.gov.tw/Food/InfoHealthFoodDetail.aspx?nodeID=162&id=246
6,衛部健食字第A00242號(本證失效),百內爾BN999膠囊食品,免疫調節,「異黃酮：11.7 ± 2.3 mg/份。」 ：2.34 ± 0.46 mg/顆,崇賢國際興業股份有限公司,1.有過敏體質或自體免疫疾病者，請洽詢醫師意見小心使用。 2.請依建議攝取量食用，勿食用過量。,https://consumer.fda.gov.tw/Food/InfoHealthFoodDetail.aspx?nodeID=162&id=409
7,衛部健食字第A00243號,愛之味麥仔茶,胃腸功能改善,含異麥芽寡醣,愛之味股份有限公司,無特殊警語,https://consumer.fda.gov.tw/Food/InfoHealthFoodDetail.aspx?nodeID=162&id=247
8,衛部健食字第A00245號,悠康-納麴Q10膠囊,調節血脂,Monacolin K,永甲興業股份有限公司,1. 患有嚴重疾病、感染症、肝病或外科手術等情況，請勿食用。,https://consumer.fda.gov.tw/Food/InfoHealthFoodDetail.aspx?nodeID=162&id=270
9,衛部健食字第A00247號,高纖馬鈴薯濃湯,胃腸功能改善,總膳食纖維,馬玉山食品工業股份有限公司,1.多食無益。,http://consumer.fda.gov.tw//Food/InfoHealthFoodDetail.aspx?nodeID=162&id=284
10,衛部健食字第A00248號,膳纖熟飯 健康雙麥飯,調節血脂,β-glucan,華強實業股份有限公司,無特殊警語,https://consumer.fda.gov.tw//Food/InfoHealthFoodDetail.aspx?nodeID=162&id=260
11,衛部健食字第A00249號,保衛參,胃腸功能改善,人參配醣體,信東生技股份有限公司園區分公司,勿超過建議用量，若有不適情況產生，應立即停止食用並就醫。,https://consumer.fda.gov.tw//Food/InfoHealthFoodDetail.aspx?nodeID=162&id=256
12,衛部健食字第A00250號,健康3D錠狀食品,"調節血脂, 調節血糖",Monacolin K,統一企業股份有限公司,本品與降血脂藥(statin 及 fibrate 類藥物)、葡萄柚合併使用，恐會造成肝、腎損傷、橫紋肌溶解症。,https://consumer.fda.gov.tw//Food/InfoHealthFoodDetail.aspx?nodeID=162&id=257
13,衛部健食字第A00251號,麗豐益生暢粉末,胃腸功能改善,總活性乳酸菌,麗豐實業股份有限公司,本產品含難消化性麥芽糊精，食用後可能產生排氣與脹氣現象，如有不適者，請停止食用。,https://consumer.fda.gov.tw//Food/InfoHealthFoodDetail.aspx?nodeID=162&id=258
14,衛部健食字第A00252號,TS6®健康有益菌,胃腸功能改善,總乳酸菌 ＞ 2×10^8 CFU/2 克,天賜爾生物科技股份有限公司,無。,https://consumer.fda.gov.tw//Food/InfoHealthFoodDetail.aspx?nodeID=162&id=265
15,衛部健食字第A00253號,優生北蟲草(蛹蟲草)子實體膠囊,護肝,蟲草素及腺苷為品質管制指標成分,優生生物科技股份有限公司,1.AST(GOT)、ALT(GPT)持續異常升高可能是肝病變所引起，應立即就醫。,https://consumer.fda.gov.tw//Food/InfoHealthFoodDetail.aspx?nodeID=162&id=262
16,衛部健食字第A00254號,賜百齡®藍藻錠,免疫調節,藻藍素,南寶國際生物科技股份有限公司,有免疫相關疾病者，請謹慎食用或諮詢醫師的意見。,https://consumer.fda.gov.tw//Food/InfoHealthFoodDetail.aspx?nodeID=162&id=282
17,衛部健食字第A00256號,御茶園特撰日式綠茶,調節血脂,兒茶素,維他露食品股份有限公司,無特殊警語,https://consumer.fda.gov.tw//Food/InfoHealthFoodDetail.aspx?nodeID=162&id=264
18,衛部健食字第A00257號,福樂鈣多多健康機能牛乳-全脂配方,骨質保健,鈣,佳格食品股份有限公司,有乳糖不耐症者，食用前請先洽詢醫師或營養師意見。,https://consumer.fda.gov.tw//Food/InfoHealthFoodDetail.aspx?nodeID=162&id=280
19,衛部健食字第A00259號,台糖鈣股力(粉末食品),骨質保健,果寡醣，鈣,台灣糖業股份有限公司,無,https://consumer.fda.gov.tw//Food/InfoHealthFoodDetail.aspx?nodeID=162&id=275
20,衛部健食字第A00260號,大發里亞濃縮細粒,骨質保健,每1包2公克含品管指標成分-Epicatechin-3-O-β-D- allop,臻里生物科技股份有限公司,1.請依建議攝取量食用，多食無益。孕婦及哺乳婦女不要使用。,https://consumer.fda.gov.tw//Food/InfoHealthFoodDetail.aspx?nodeID=162&id=272
21,衛部健食字第A00261號,洛神花健康膠囊,"不易形成體脂肪, 護肝",沒食子酸gallic acid,愛之味股份有限公司,無特殊警語,https://consumer.fda.gov.tw//Food/InfoHealthFoodDetail.aspx?nodeID=162&id=279
22,衛部健食字第A00262號,健康蕎麥茶,不易形成體脂肪,菊苣纖維,光泉牧場股份有限公司,本產品含有菊苣纖維，飲用後會促進腸道蠕動，並產生脹氣及排氣現象，若有不適者請停止飲用,https://consumer.fda.gov.tw//Food/InfoHealthFoodDetail.aspx?nodeID=162&id=285
23,衛部健食字第A00263號,櫻桃姬補鐵精華液,促進鐵吸收,亞鐵,黑松股份有限公司,1.孕婦或接受醫師治療者，請與醫生商討後再飲用。,https://consumer.fda.gov.tw//Food/InfoHealthFoodDetail.aspx?nodeID=162&id=278
24,衛部健食字第A00264號,每朝健康氣泡茶風味飲料,不易形成體脂肪,難消化性麥芽糊精,維他露食品股份有限公司,(1)生長發育中兒童及青少年不建議食用。,https://consumer.fda.gov.tw//Food/InfoHealthFoodDetail.aspx?nodeID=162&id=287
25,衛部健食字第A00265號,ADR-1益生菌膠囊,調節血糖,羅伊氏乳桿菌,景岳生物科技股份有限公司,嬰幼兒與免疫功能不全患者，請先洽詢醫師或營養師有關食用本品之意見，再決定是否使用本品。,https://consumer.fda.gov.tw//Food/InfoHealthFoodDetail.aspx?nodeID=162&id=277
26,衛部健食字第A00266號,李時珍四物大補帖(飲品),促進鐵吸收,甘胺酸亞鐵含量 42±8 毫克/瓶,中天生物科技股份有限公司,1.孕婦或接受醫師治療者，請與醫師商討後再飲用。,https://consumer.fda.gov.tw//Food/InfoHealthFoodDetail.aspx?nodeID=162&id=289
27,衛部健食字第A00267號,歐典生機養生黑木耳,胃腸功能改善,總膳食纖維,歐典生物科技股份有限公司,1.適用對象不包括兒童(內有固形物，請細嚼慢嚥)。2.食用本產品後若有產生排氣及脹氣現象時，如有不適者，請停止飲用。3.,https://consumer.fda.gov.tw//Food/InfoHealthFoodDetail.aspx?nodeID=162&id=288
28,衛部健食字第A00268號,深海魚油薑黃+E膠囊,調節血脂,Omega-3 acids,國家級生醫科技股份有限公司,正在服用抗凝血劑者，例如：阿斯匹靈．．．等凝血功能不全者及嬰幼兒、孕婦或糖尿病患者，食用前請先徵詢醫師意見。,https://consumer.fda.gov.tw//Food/InfoHealthFoodDetail.aspx?nodeID=162&id=296
29,衛部健食字第A00269號,草本複方膠囊,護肝,"Curcumin26.0 ± 5.2 mg/g 
Daidzein107.9 ±",中天生物科技股份有限公司,1.GOT(AST)、GPT(ALT)值持續異常升高可能是肝臟疾病所引起，應立即就醫。,https://consumer.fda.gov.tw//Food/InfoHealthFoodDetail.aspx?nodeID=162&id=290
30,衛部健食字第A00270號,活源蔘膠囊,抗疲勞,總人蔘配醣體,創益生技股份有限公司,如有不適產生應立即停止食用並就醫。,https://consumer.fda.gov.tw//Food/InfoHealthFoodDetail.aspx?nodeID=162&id=293
31,衛部健食字第A00271號,舒敏佳膠囊,輔助調整過敏體質,總活性乳酸菌,創益生技股份有限公司,有免疫相關疾病者請先諮詢醫師後謹慎食用。,https://consumer.fda.gov.tw//Food/InfoHealthFoodDetail.aspx?nodeID=162&id=294
32,衛部健食字第A00272號,長庚冬蟲夏草菌絲體膠囊,抗疲勞,Adenosine,長庚生物科技股份有限公司,本產品發酵培養基含大豆成分，過敏體質者，請諮詢醫師或醫療專業人員。,https://consumer.fda.gov.tw//Food/InfoHealthFoodDetail.aspx?nodeID=162&id=292
33,衛部健食字第A00273號,健護牛乳,免疫調節,每100 mL含半乳寡糖1.12 ~1.68 g,愛之味股份有限公司,有乳糖不耐症者，應避免飲用。有過敏體質或自體免疫疾病者，請洽詢醫師意見小心使用。,https://consumer.fda.gov.tw//Food/InfoHealthFoodDetail.aspx?nodeID=162&id=298
34,衛部健食字第A00274號,優青素膠原藤黃果膠囊,不易形成體脂肪,"綠原酸
羥基檸檬酸",臺鹽實業股份有限公司,1.12歲以下孩童、孕婦、消化不良與重大疾病患者不宜食用。,https://consumer.fda.gov.tw//Food/InfoHealthFoodDetail.aspx?nodeID=162&id=300
35,衛部健食字第A00275號,優生牛樟芝固態培養菌絲體膠囊,護肝,"每份膠囊含粗三帖烯6.32~9.48 毫克、Adenosine
0.20~0.3",優生生物科技股份有限公司,1. AST(GOT)、ALT(GPT)值持續異常升高可能是肝臟疾病所引起，應立即就醫。,https://consumer.fda.gov.tw//Food/InfoHealthFoodDetail.aspx?nodeID=162&id=1466
36,衛部健食字第A00276號,海礦1400,調節血脂,鎂,台灣海洋深層水股份有限公司,腎功能不佳者，請遵循醫師指示飲用。,https://consumer.fda.gov.tw//Food/InfoHealthFoodDetail.aspx?nodeID=162&id=297
37,衛部健食字第A00277號,舒敏靈芝王靈芝菌絲體膠囊,輔助調整過敏體質,靈芝多醣60~90 mg/粒。,葡萄王生技股份有限公司,(1)本產品含大豆及麩質之穀物製品，有過敏體質或自體免疫疾病者，請洽詢醫師意見小心使用。(2)多食無益。,https://consumer.fda.gov.tw//Food/InfoHealthFoodDetail.aspx?nodeID=162&id=305
38,衛部健食字第A00278號,天恩牛樟芝固態培養菌絲體膠囊,護肝,"可能總三萜類5.20±1.04 mg/每份/每顆
腺苷0.040±0.008 m",天恩開發國際企業股份有限公司,1. ALT(GPT)、AST(GOT)值持續異常升高可能是肝臟疾病所引起，應立即,https://consumer.fda.gov.tw//Food/InfoHealthFoodDetail.aspx?nodeID=162&id=301
39,衛部健食字第A00280號,萃益敏益生菌,"輔助調整過敏體質, 胃腸功能改善",品管指標成分：總乳酸菌 2×10^9 CFU/2 g 以上,長行生物科技股份有限公司,1.有免疫相關疾病者，請謹慎食用並諮詢醫師的意見。,https://consumer.fda.gov.tw//Food/InfoHealthFoodDetail.aspx?nodeID=162&id=309
40,衛部健食字第A00281號,益菌健康膠囊,"輔助調整過敏體質, 免疫調節",總乳酸菌,聯華食品工業股份有限公司,1.本產品不能取代正規醫療及相關藥品，有免疫相關疾病者，食用前請洽詢醫師食用本產品之意見，並謹慎食用。,https://consumer.fda.gov.tw//Food/InfoHealthFoodDetail.aspx?nodeID=162&id=308
41,衛部健食字第A00282號,Dr. Sun益生菌,"輔助調整過敏體質, 胃腸功能改善",品管指標成分：總乳酸菌2×10^9 CFU/2 g以上,多利生醫股份有限公司,1. 有免疫相關疾病者，請謹慎食用並諮詢醫師的意見。,https://consumer.fda.gov.tw//Food/InfoHealthFoodDetail.aspx?nodeID=162&id=310
42,衛部健食字第A00283號,統一多多順暢活菌發酵乳,胃腸功能改善,副乾酪乳桿菌YB100＞1.0×10^7 CFU/mL,統一企業股份有限公司,本產品含難消化性麥芽糊精，飲用後可能產生排氣與脹氣現象，若有不適者，請停止飲用。,https://consumer.fda.gov.tw//Food/InfoHealthFoodDetail.aspx?nodeID=162&id=312
43,衛部健食字第A00284號,加特福GT&F奶粉,調節血糖,每一份量  含三價鉻  160 ~ 200 微克,加特福生物科技股份有限公司,1. 本產品並非治療及矯正疾病之藥品,https://consumer.fda.gov.tw//Food/InfoHealthFoodDetail.aspx?nodeID=162&id=306
44,衛部健食字第A00285號,欣樂飲,胃腸功能改善,每份含量：橙皮苷0.6~1.2毫克,無限極國際有限公司,若正值懷孕、授乳或服用藥物等情況，請先洽詢醫師或營養師的意見。,https://consumer.fda.gov.tw//Food/InfoHealthFoodDetail.aspx?nodeID=162&id=311
45,衛部健食字第A00286號,枕無憂極萃50芝麻膠囊,護肝,每一份量含有：芝麻素47.0±9.4 毫克,富味鄉食品股份有限公司,1.AST(GOT)和ALT(GPT)值持續異常升高可能是肝病變所引起，請立即就醫。,https://consumer.fda.gov.tw//Food/InfoHealthFoodDetail.aspx?nodeID=162&id=316
46,衛部健食字第A00287號,檸檬酸鈣細顆粒,骨質保健,"本產品之保健功效為產品整體的綜合結果，本產品以「鈣」為指標成分，含量為
268.",生展生物科技股份有限公司,1. 本產品含砂糖，糖尿病等相關疾病者，食用前應請教醫師或營養師之意見。,https://consumer.fda.gov.tw//Food/InfoHealthFoodDetail.aspx?nodeID=162&id=325
47,衛部健食字第A00289號,娘家大紅麴膠囊,"調節血脂, 調節血糖, 延緩衰老","Monascin	2.84 – 4.20 毫克/粒
Ankaflavin	1.2",晨暉生物科技股份有限公司,1.藥物治療者，服藥前請先與醫師討論,https://consumer.fda.gov.tw//Food/InfoHealthFoodDetail.aspx?nodeID=162&id=322
48,衛部健食字第A00290號,燕麥高纖無加糖鮮豆漿,"調節血脂, 胃腸功能改善","保健功效成分含量	每100毫升
調節血脂:黃豆蛋白2.7~4.1公克
調節血脂、",光泉牧場股份有限公司,1.產品含有菊苣纖維，飲用後可能會促進腸道蠕動、並產生脹氣及排氣等現象，若有不適者請停止飲用。,https://consumer.fda.gov.tw//Food/InfoHealthFoodDetail.aspx?nodeID=162&id=314
49,衛部健食字第A00291號,安怡TM長青高鈣奶粉,骨質保健,鈣、菊苣纖維,香港商遠東恆天然乳品有限公司台灣分公司,無,https://consumer.fda.gov.tw//Food/InfoHealthFoodDetail.aspx?nodeID=162&id=318
50,衛部健食字第A00292號,麗豐牛樟芝菌絲體膠囊,護肝,每一份量1 粒膠囊，共606 mg ，含Adenosine 含量為0.275±0,麗豐實業股份有限公司,（1）AST (GOT)、ALT (GPT)值持續異常升高可能是肝臟疾病所引起，應立即就醫。,https://consumer.fda.gov.tw//Food/InfoHealthFoodDetail.aspx?nodeID=162&id=319
51,衛部健食字第A00293號,263乳酸菌膠囊,"調節血脂, 不易形成體脂肪",每份2顆以含有羅伊氏乳桿菌GMNL®-263≧2×10^10 cells為品管指,景岳生物科技股份有限公司,無特殊警語,https://consumer.fda.gov.tw/Food/InfoHealthFoodDetail.aspx?nodeID=162&id=1582
52,衛部健食字第A00294號,你滋美得新淨寶粉末食品,胃腸功能改善,膳食纖維,景華生技股份有限公司,1.食用本產品後若有產生排氣及脹氣現象時，若有不適者，請停止飲用。,https://consumer.fda.gov.tw//Food/InfoHealthFoodDetail.aspx?nodeID=162&id=326
53,衛部健食字第A00295號,船井牛奶鈣魚膠原粉,骨質保健,鈣  6~9 g/100 g,船井生醫股份有限公司,無特殊警語,https://consumer.fda.gov.tw//Food/InfoHealthFoodDetail.aspx?nodeID=162&id=324
54,衛部健食字第A00296號,純喫茶無糖綠茶,調節血脂,兒茶素30~46 毫克/100 毫升,統一企業股份有限公司,無,https://consumer.fda.gov.tw//Food/InfoHealthFoodDetail.aspx?nodeID=162&id=320
55,衛部健食字第A00298號,老協珍刺參精,抗疲勞,以Arginine、Valine及Leucine三種胺基酸為品管指標成分,老協珍股份有限公司,1. 如有特殊體質、海鮮過敏、服用藥物、重大手術，請仔細研讀產品成份，或與營養師及醫藥專業人士諮詢。,https://consumer.fda.gov.tw//Food/InfoHealthFoodDetail.aspx?nodeID=162&id=333
56,衛部健食字第A00300號,新安琪兒愛關寶奶粉,骨質保健功能,鈣,端強實業股份有限公司,1.本產品為健康食品不能取代正規醫療及相關藥品。,https://consumer.fda.gov.tw//Food/InfoHealthFoodDetail.aspx?nodeID=162&id=331
57,衛部健食字第A00301號,LP33®益生菌膠囊,"輔助調整過敏體質, 免疫調節","每份含總乳酸菌數≧2500000000 CFU, LP33®菌≧50000000",統一企業股份有限公司,免疫疾病者、孕婦、幼兒，請洽詢醫師意見小心使用。,https://consumer.fda.gov.tw//Food/InfoHealthFoodDetail.aspx?nodeID=162&id=329
58,衛部健食字第A00302號,葡耐因膠囊,調節血糖,以聚葡萄糖為品管指標,得生製藥股份有限公司,本產品非屬治療及矯正疾病用藥品，糖尿病患者仍需就醫治療。,https://consumer.fda.gov.tw//Food/InfoHealthFoodDetail.aspx?nodeID=162&id=332
59,衛部健食字第A00305號,蔘元素膠囊,護肝,人參皂苷,金宏裕生物科技有限公司,1.本產品為健康食品不能取代正規醫療及相關藥品。,https://consumer.fda.gov.tw//Food/InfoHealthFoodDetail.aspx?nodeID=162&id=341
60,衛部健食字第A00307號,活漅素膠囊,促進鐵吸收功能,甘氨酸亞鐵,美樂佛國際行銷有限公司,1. 非因缺鐵而引起貧血之患者不建議食用。,https://consumer.fda.gov.tw//Food/InfoHealthFoodDetail.aspx?nodeID=162&id=338
61,衛部健食字第A00308號,檸檬茶,胃腸功能改善,異麥芽寡醣,台灣第一生化科技股份有限公司,無特殊警語,https://consumer.fda.gov.tw//Food/InfoHealthFoodDetail.aspx?nodeID=162&id=342
62,衛部健食字第A00309號,葡萄王黃金康貝特能量飲料,抗疲勞,105毫升含有牛磺酸1470毫克,葡萄王生技股份有限公司,本品含咖啡因，過量容易對身體產生傷害，且勿與酒精、運動飲料混用。,https://consumer.fda.gov.tw//Food/InfoHealthFoodDetail.aspx?nodeID=162&id=347
63,衛部健食字第A00310號,御沛方雄蜂精,護肝功能,1.水解胺基酸A、丙胺酸與精胺酸 )為指標成分 2.水解胺基酸B、異白胺酸與纈胺,源穎生技股份有限公司,以下對象食用時請先洽詢醫師或營養師有關食用本品之意見： 1.妊娠、哺乳婦女、服用藥物、手術前後者 2.AST(GOT)、,https://consumer.fda.gov.tw//Food/InfoHealthFoodDetail.aspx?nodeID=162&id=410
64,衛部健食字第A00311號,安怡TM關鍵高鈣奶粉,骨質保健功能,"每一份30公克含保健功效相關成分：
保健功效成分鈣600±90毫克
保健品管指標",香港商遠東恆天然乳品有限公司台灣分公司,無特殊警語,https://consumer.fda.gov.tw//Food/InfoHealthFoodDetail.aspx?nodeID=162&id=345
65,衛部健食字第A00312號,安怡TM高鈣奶粉,骨質保健功能,"每一份30公克含保健功效相關成分：
保健功效成分：鈣501±99毫克
保健品管指",香港商遠東恆天然乳品有限公司台灣分公司,無特殊警語,https://consumer.fda.gov.tw//Food/InfoHealthFoodDetail.aspx?nodeID=162&id=346
66,衛部健食字第A00313號,烏骨雞滴雞精,抗疲勞,總支鏈胺基酸,高野健康生技股份有限公司,支鏈有機酸尿症(例如楓糖尿症)患者應避免食用。,https://consumer.fda.gov.tw//Food/InfoHealthFoodDetail.aspx?nodeID=162&id=343
67,衛部健食字第A00314號,珍寶干錠,護肝功能,肝醣、薑黃素,美樂佛國際行銷有限公司,1.AST(GOT)、ALT(GPT)值持續異常升高可能是肝臟疾病所引起，應立即就醫。,https://consumer.fda.gov.tw//Food/InfoHealthFoodDetail.aspx?nodeID=162&id=344
68,衛部健食字第A00315號,好味粥,胃腸功能改善,木寡糖,香港商田原香有限公司台灣分公司,攝取本產品應取代等熱量之日常飲食。,https://consumer.fda.gov.tw//Food/InfoHealthFoodDetail.aspx?nodeID=162&id=348
69,衛部健食字第A00316號,佳固力錠,骨質保健,槲皮素,榮澤生技股份有限公司,不宜多食,https://consumer.fda.gov.tw//Food/InfoHealthFoodDetail.aspx?nodeID=162&id=350
70,衛部健食字第A00318號,膠原糖胺粉Plus,骨質保健,大豆苷元、金雀異黃酮,普新生技股份有限公司,1. 不建議兒童、少年、孕婦、哺乳期婦女、婦科腫瘤患者或有其家族病史者食用。,https://consumer.fda.gov.tw//Food/InfoHealthFoodDetail.aspx?nodeID=162&id=349
71,衛部健食字第A00319號,懷特益能強®膠囊,抗疲勞,刺五加苷B,懷特生技新藥股份有限公司,使用本品如有任何不適，請立即停止食並洽詢醫師。,https://consumer.fda.gov.tw//Food/InfoHealthFoodDetail.aspx?nodeID=162&id=352
72,衛部健食字第A00320號,樟芝人參滋補液,"抗疲勞, 護肝",腺苷、牛磺酸,台塑生醫科技股份有限公司,1. AST(GOT)、ALT(GPT)值持續異常升高可能是肝臟疾病所引起，應立即就醫。,https://consumer.fda.gov.tw//Food/InfoHealthFoodDetail.aspx?nodeID=162&id=351
73,衛部健食字第A00321號,NK有益甘膠囊,護肝功能,沒食子酸、丹參酚酸B,莊松榮製藥廠股份有限公司,1.本品不能代替藥物。,https://consumer.fda.gov.tw//Food/InfoHealthFoodDetail.aspx?nodeID=162&id=360
74,衛部健食字第A00322號,L-137®植物乳酸菌膠囊,"輔助調整過敏體質, 免疫調節",熱去活植物乳酸菌,創百股份有限公司,1.有自體免疫相關疾病者請先諮詢醫師後，再謹慎食用。,https://consumer.fda.gov.tw//Food/InfoHealthFoodDetail.aspx?nodeID=162&id=356
75,衛部健食字第A00323號,威瑪舒培®大豆萃取物膠囊,骨質保健功能,總大豆異黃酮,易陞植物生技有限公司,本產品依照建議攝取量所含大豆異黃酮為32.22~48.42mg/粒，不應過量食用。,https://consumer.fda.gov.tw//Food/InfoHealthFoodDetail.aspx?nodeID=162&id=359
76,衛部健食字第A00324號,FIP100纖維粉,"調節血脂, 調節血糖, 胃腸功能改善","【7克/包】
保健功效相關成分含量，每份含
總膳食纖維   5.67~6.93公",船井生醫股份有限公司,1.食用本產品後若有排氣及脹氣現象時，若有不適者，請停止食用。,https://consumer.fda.gov.tw//Food/InfoHealthFoodDetail.aspx?nodeID=162&id=354
77,衛部健食字第A00326號,健祐全PPLs®精華液,免疫調節功能,Propolin G,美仕德股份有限公司,1. 請依建議攝食量用，勿食用過量。,https://consumer.fda.gov.tw//Food/InfoHealthFoodDetail.aspx?nodeID=162&id=375
78,衛部健食字第A00327號,杏克醣顆粒,調節血糖功能,難消化性麥芽糊精、三價鉻,杏輝藥品工業股份有限公司,(1)本產品非屬治療及矯正疾病用藥品，糖尿病患者仍需就醫治療。,https://consumer.fda.gov.tw//Food/InfoHealthFoodDetail.aspx?nodeID=162&id=361
79,衛部健食字第A00328號,LACTIS樂蒂斯(乳酸菌大豆發酵萃取液),免疫調節功能,總大豆異黃酮,洛特企業有限公司,1. 正在服用抗凝血劑者，如阿斯匹靈...等凝血功能不全者、孕婦或糖尿病患者，食用前請先徵詢醫生意見。,https://consumer.fda.gov.tw//Food/InfoHealthFoodDetail.aspx?nodeID=162&id=368
80,衛部健食字第A00329號,羅伊敏膠囊,輔助調整過敏體質功能,羅伊氏乳桿菌,生達化學製藥股份有限公司,有免疫相關疾病者，請謹慎食用並諮詢醫師的意見。本產品含菊糖，食用後可能產生排氣與脹氣現象，若有不適者，請停止食用。,https://consumer.fda.gov.tw//Food/InfoHealthFoodDetail.aspx?nodeID=162&id=372
81,衛部健食字第A00330號,每朝健康双纖綠茶,"不易形成體脂肪, 胃腸功能改善","難消化性麥芽糊精 0.85 - 1.15 公克/100 毫升
菊苣纖維 0.52",維他露食品股份有限公司,食用本產品後可能會產生排氣與脹氣現象，若有不適者請停止飲用。,https://consumer.fda.gov.tw//Food/InfoHealthFoodDetail.aspx?nodeID=162&id=358
82,衛部健食字第A00331號,你滋美得 沛霸軟膠囊,調節血脂,次亞麻油酸,景華生技股份有限公司,無,https://consumer.fda.gov.tw//Food/InfoHealthFoodDetail.aspx?nodeID=162&id=357
83,衛部健食字第A00332號,倍熱®極纖錠,不易形成體脂肪功能,綠原酸、羥基檸檬酸,船井生醫股份有限公司,一日請勿超過4顆，多食無益。,https://consumer.fda.gov.tw//Food/InfoHealthFoodDetail.aspx?nodeID=162&id=363
84,衛部健食字第A00333號,“鐵牛”養生滋補龜鹿飲,骨質保健,"品管指標成分
原兒茶酸1.36-2.04 mg/瓶",旺霖製藥工業有限公司,1. 本產品含菊糖，食用後可能產生排氣與脹氣現象，若有不適者，請停止食用。,https://consumer.fda.gov.tw//Food/InfoHealthFoodDetail.aspx?nodeID=162&id=366
85,衛部健食字第A00334號,暢快人生CX粉末食品,"調節血脂功能, 不易形成體脂肪功能",難消化性麥芽糊精,東阪國際股份有限公司,本產品含有難消化性麥芽糊精，食用後可能產生脹氣、排氣或腹瀉現象，若有不適者請停止飲用。,https://consumer.fda.gov.tw//Food/InfoHealthFoodDetail.aspx?nodeID=162&id=369
86,衛部健食字第A00336號,孅甘 紅膠囊,不易形成體脂肪功能,1. 兒茶素 2. 薑黃素,康霈生技股份有限公司,1. 重大疾病及孕乳婦，請先洽詢醫師意見後再食用。,https://consumer.fda.gov.tw//Food/InfoHealthFoodDetail.aspx?nodeID=162&id=411
87,衛部健食字第A00338號,果寡糖順暢粉,胃腸功能改善,"蔗果三糖 
蔗果四糖",振翔生物科技有限公司,1.一歲以下嬰兒不建議使用。,https://consumer.fda.gov.tw//Food/InfoHealthFoodDetail.aspx?nodeID=162&id=367
88,衛部健食字第A00339號,雙倍日記膠囊,"調節血脂, 不易形成體脂肪",兒茶素 233±46.6毫克/克內容物。,麗彤生醫科技股份有限公司,1. 乳糖不耐症者，請洽詢醫師或營養有關食用本品之意見。,https://consumer.fda.gov.tw//Food/InfoHealthFoodDetail.aspx?nodeID=162&id=362
89,衛部健食字第A00340號,納補瑞多植優蛋白粉,調節血脂功能,"分離大豆蛋白
菊糖",杏輝藥品工業股份有限公司,痛風及腎臟病人請洽詢醫師或營養師有關食用本品之意見,https://consumer.fda.gov.tw//Food/InfoHealthFoodDetail.aspx?nodeID=162&id=370
90,衛部健食字第A00341號,愛之味莎莎亞椰奶,胃腸功能改善,難消化性麥芽糊精,愛之味股份有限公司,1.多食無益。,https://consumer.fda.gov.tw//Food/InfoHealthFoodDetail.aspx?nodeID=162&id=371
91,衛部健食字第A00342號,人可和靈芝子實體膠囊,"免疫調節, 延緩衰老",靈芝酸A,永豐萊得股份有限公司,無特殊警語,https://consumer.fda.gov.tw//Food/InfoHealthFoodDetail.aspx?nodeID=162&id=373
92,衛部健食字第A00343號,速美錠,不易形成體脂肪,保健功效之相關成分含量：槲黃素 3.02~4.53毫克/6粒,年代健康生活事業股份有限公司,本產品含有乳糖，不適合對其過敏體質者食用。,https://consumer.fda.gov.tw//Food/InfoHealthFoodDetail.aspx?nodeID=162&id=1465
93,衛部健食字第A00344號,桂格雙補養氣人蔘,護肝功能,人蔘皂甘Rg5,佳格食品股份有限公司,不宜多食,https://consumer.fda.gov.tw//Food/InfoHealthFoodDetail.aspx?nodeID=162&id=374
94,衛部健食字第A00345號,蓉憶記膠囊,延緩衰老,管花苯乙醇苷,杏輝藥品工業股份有限公司,嬰幼兒、孕婦、哺乳期婦女及服用抗凝血功能藥物者不宜食用。,https://consumer.fda.gov.tw//Food/InfoHealthFoodDetail.aspx?nodeID=162&id=376
95,衛部健食字第A00348號,美海雲®褐藻醣膠膠囊,免疫調節功能,品管指標成分:岩藻糖,漢和健康事業有限公司,本產品不能取代正規醫療及相關藥品，正在接受治療者仍須就醫。,https://consumer.fda.gov.tw//Food/InfoHealthFoodDetail.aspx?nodeID=162&id=380
96,衛部健食字第A00349號(本證失效),氣津堂乳酸菌菊苣飲(奶茶口味),胃腸功能改善,總乳酸菌及菊苣纖維,傑登生研有限公司,本產品不得代替藥使用。,https://consumer.fda.gov.tw//Food/InfoHealthFoodDetail.aspx?nodeID=162&id=413
97,衛部健食字第A00350號,炳翰人參花茶包,調節血脂功能,人參皂苷-Rb1,炳翰製藥廠股份有限公司,不宜多食。,https://consumer.fda.gov.tw//Food/InfoHealthFoodDetail.aspx?nodeID=162&id=381
98,衛部健食字第A00351號,金盛旺極品椴木牛樟芝膠囊,護肝,可能總三萜,金盛旺生物科技股份有限公司,1.AST(GOT)、ALT(GPT)值持續異常升高，可能是肝臟疾病所引起，應立即就醫。,https://consumer.fda.gov.tw//Food/InfoHealthFoodDetail.aspx?nodeID=162&id=412
99,衛部健食字第A00352號,青春蜂王漿飲,延緩衰老功能,癸烯酸,源穎生技股份有限公司,無特殊警語,https://consumer.fda.gov.tw//Food/InfoHealthFoodDetail.aspx?nodeID=162&id=416
100,衛部健食字第A00353號,桐核麥養生液,調節血脂,每份60毫升含β-D-glucans 29.76 mg-44.64 mg,桐核麥生物科技股份有限公司,均衡的飲食及適當的運動為身體健康之基礎。如有肝功能及凝血功能異常或過敏性病患者請洽詢醫師或營養師 有關使用本產品之意見。,http://consumer.fda.gov.tw/Food/InfoHealthFoodDetail.aspx?nodeID=162&id=1558
101,衛部健食字第A00354號,纖康茶,調節血脂,總膳食纖維,三皇生物科技股份有限公司,食用本產品後可能會產生排氣與脹氣現象，若有不適者，請停止飲用。,https://consumer.fda.gov.tw//Food/InfoHealthFoodDetail.aspx?nodeID=162&id=414
102,衛部健食字第A00355號,GM-BMD益生菌膠囊,骨質保健功能,植物乳桿菌GMNL-662,景岳生物科技股份有限公司,無,https://consumer.fda.gov.tw//Food/InfoHealthFoodDetail.aspx?nodeID=162&id=417
103,衛部健食字第A00356號,舒甘調達食品膠囊,護肝功能,"薑黃素
甘草素",宇力鑫生技股份有限公司,1.GOT、GPT持續異常升高可能是肝病變所引起，應立即就醫。,https://consumer.fda.gov.tw//Food/InfoHealthFoodDetail.aspx?nodeID=162&id=420
104,衛部健食字第A00357號,百傲固力錠,骨質保健,"2,3,4-三羥基丁酸鈣",漢堃精英有限公司,一日請勿超過15錠，多食無益。依照建議攝取量攝取本品，每日將攝入鈣1705毫克，加上一般膳食後，已接近國人膳食營養素參考,https://consumer.fda.gov.tw//Food/InfoHealthFoodDetail.aspx?nodeID=162&id=422
105,衛部健食字第A00358號,紅麴磷蝦油軟膠囊,調節血脂功能,HMG-CoA 還原酵素抑制劑-Monacolin K,美無痕生物科技股份有限公司,1.本產品含有蝦及其製品，不適合其過敏體質者食用,https://consumer.fda.gov.tw//Food/InfoHealthFoodDetail.aspx?nodeID=162&id=418
106,衛部健食字第A00359號,綠淨肽®膠囊,調節血脂,本產品以精胺酸為品管指標成分,兆鴻生技股份有限公司,無特殊警語,https://consumer.fda.gov.tw//Food/InfoHealthFoodDetail.aspx?nodeID=162&id=419
107,衛部健食字第A00360號,萬歲牌機能杏仁什榖堅果飲,調節血脂功能,菊苣纖維,聯華食品工業股份有限公司,本品含菊苣纖維，飲用後可能產生脹氣及排氣等現象，如有不適者，請停止飲用。,https://consumer.fda.gov.tw//Food/InfoHealthFoodDetail.aspx?nodeID=162&id=423
108,衛部健食字第A00361號,Simple Power能量補給飲料,抗疲勞,"品管指標成分：
  鎂：105 ± 21 mg/瓶",名牌食品股份有限公司,1. 本產品不能治療矯正任何疾病，身體不適者仍需就醫。,https://consumer.fda.gov.tw//Food/InfoHealthFoodDetail.aspx?nodeID=162&id=424
109,衛部健食字第A00362號,桂格葡萄糖胺高鈣奶粉,骨質保健,每一份量220毫升：含鈣560 ~ 840毫克。,佳格食品股份有限公司,有乳糖不耐症者，食用前請先洽詢醫師或營養師意見；本產品含有菊苣纖維，飲用後若有脹氣不適者請停止飲用。,https://consumer.fda.gov.tw//Food/InfoHealthFoodDetail.aspx?nodeID=162&id=427
110,衛部健食字第A00363號,山竹養生液,調節血糖,α-mangostin ：19.2 mg ± 15%/15 mL,基業生物科技股份有限公司,1.本產品非屬治療及矯正疾病用藥品，糖尿病患者仍需就醫治療。,https://consumer.fda.gov.tw//Food/InfoHealthFoodDetail.aspx?nodeID=162&id=425
111,衛部健食字第A00364號,高鈣鮮豆漿,"調節血脂, 骨質保健",黃豆蛋白、鈣,光泉牧場股份有限公司,1.痛風、糖尿病、易有腎結石病患及腎臟病患請洽詢醫師、藥師或營養師有關食用本品之意見。,https://consumer.fda.gov.tw//Food/InfoHealthFoodDetail.aspx?nodeID=162&id=428
112,衛部健食字第A00365號,洛神花養生沖泡粉末食品,"調節血脂, 護肝",沒食子酸,愛之味股份有限公司,多食無益。,https://consumer.fda.gov.tw//Food/InfoHealthFoodDetail.aspx?nodeID=162&id=432
113,衛部健食字第A00366號,生展超免菌®益生菌粉末,免疫調節,總乳酸菌,生展生物科技股份有限公司,1.有自體免疫相關疾病者，請先諮詢醫師後再謹慎食用。,https://consumer.fda.gov.tw//Food/InfoHealthFoodDetail.aspx?nodeID=162&id=429
114,衛部健食字第A00367號,活芯®升級版軟膠囊,抗疲勞,松果菊苷、還原型輔酵素Q10,杏輝藥品工業股份有限公司,嬰幼兒、15 歲以下小孩、孕婦、哺乳期間婦女、服用抗凝血功能藥物(如:Warfarin)者，不宜食用。,https://consumer.fda.gov.tw//Food/InfoHealthFoodDetail.aspx?nodeID=162&id=430
115,衛部健食字第A00368號,GSH 顧甘肽膠囊,護肝,穀胱甘肽 Glutathione,創百股份有限公司,1.對穀胱甘肽過敏者、孕婦、哺乳婦女及嬰幼兒應避免食用。,https://consumer.fda.gov.tw//Food/InfoHealthFoodDetail.aspx?nodeID=162&id=433
116,衛部健食字第A00369號,舞纖停複方膠囊,不易形成體脂肪,"總兒茶素
迷迭香酸",創益生技股份有限公司,(1)孕婦、哺乳婦女、服用藥物及重大疾病患者，食用前請諮詢醫藥專業人員。,https://consumer.fda.gov.tw//Food/InfoHealthFoodDetail.aspx?nodeID=162&id=431
117,衛部健食字第A00370號,維奇鉻活力粉狀營養飲品,調節血糖,"三價鉻
菊糖",宜果國際股份有限公司,1.本產品非屬治療或矯正疾病用藥品，糖尿病患者仍需就醫治療。,https://consumer.fda.gov.tw//Food/InfoHealthFoodDetail.aspx?nodeID=162&id=434
118,衛部健食字第A00371號,葡眾樟芝菌絲體生技營養飲品,護肝,"1.芝麻素: 1.6~2.4毫克/180毫升
2. γ-Aminobutyric",葡萄王生技股份有限公司,1.AST(GOT)、ALT(GPT)值持續異常升高，可能是肝臟疾病所引起，應立即就醫。 2.嬰幼兒、孕婦、哺餵母乳者，,https://consumer.fda.gov.tw//Food/InfoHealthFoodDetail.aspx?nodeID=162&id=435
119,衛部健食字第A00372號,愛之味鮮采蕃茄綜合蔬菜汁,胃腸功能改善,異麥芽寡醣 0.45~0.67 公克/100 毫升,愛之味股份有限公司,無。,https://consumer.fda.gov.tw//Food/InfoHealthFoodDetail.aspx?nodeID=162&id=436
120,衛部健食字第A00373號,典藏牛樟芝膠囊,"免疫調節, 護肝","可能總三萜：44~66 毫克/2粒
樟芝酸K：0.144~0.216 毫克/2粒",台灣利得生物科技股份有限公司,1.嬰幼兒、孕婦、哺餵母乳者，如欲食用本產品，請洽詢醫師或醫療專業人員。,https://consumer.fda.gov.tw//Food/InfoHealthFoodDetail.aspx?nodeID=162&id=437
121,衛部健食字第A00374號,Antromax®牛樟芝菌絲體膠囊,護肝,每份含可能總三萜 12.5~18.7 mg、腺苷0.09~0.135 mg,綠茵生技股份有限公司,1.AST、ALT持續異常升高，可能是肝臟疾病所引起，應立即就醫。,https://consumer.fda.gov.tw//Food/InfoHealthFoodDetail.aspx?nodeID=162&id=438
122,衛部健食字第A00375號,田原香靈芝滴雞精,"免疫調節, 抗疲勞","每份含
免疫調節：靈芝酸A：0.264~0.396毫克
抗疲勞：總支鏈胺基酸：0",香港商田原香有限公司台灣分公司,1. 支鏈有機酸尿症(例如楓糖尿症)患者應避免食用。,https://consumer.fda.gov.tw//Food/InfoHealthFoodDetail.aspx?nodeID=162&id=441
123,衛部健食字第A00376號,康貝特能量飲料,護肝,牛磺酸 ：1470毫克/150毫升,葡萄王生技股份有限公司,1. AST、ALT 值持續異常升高，可能是肝臟疾病所引起，應立即就醫。,https://consumer.fda.gov.tw//Food/InfoHealthFoodDetail.aspx?nodeID=162&id=440
124,衛部健食字第A00378號,御沛方九將軍膠囊,護肝,類薑黃素    104 -156毫克/公克,源穎生技股份有限公司,1. AST(GOT)、ALT(GPT)值持續異常升高可能是肝臟疾病所引起，應立即就醫。,https://consumer.fda.gov.tw//Food/InfoHealthFoodDetail.aspx?nodeID=162&id=444
125,衛部健食字第A00379號,正甘能膠囊,護肝,以腺苷為品管指標成分，每粒膠囊含腺苷 1.442 mg±20% /粒。,泰宗生物科技股份有限公司,無。,https://consumer.fda.gov.tw//Food/InfoHealthFoodDetail.aspx?nodeID=162&id=1446
126,衛部健食字第A00380號,台酒生技β-聚葡萄糖膠囊,免疫調節,"每顆膠囊495毫克，內容物400毫克，
含保健功效相關成分β-聚葡萄糖 225.",臺灣菸酒股份有限公司,無特殊警語,https://consumer.fda.gov.tw//Food/InfoHealthFoodDetail.aspx?nodeID=162&id=1449
127,衛部健食字第A00381號,極品牛樟芝菌絲體膠囊,護肝,以4-安卓奎諾爾B 為品質管制指標,合一生技股份有限公司,1.AST(GOT)、ALT(GPT)值持續異常升高可能是肝臟疾病所引起，應立即就醫。,https://consumer.fda.gov.tw//Food/InfoHealthFoodDetail.aspx?nodeID=162&id=1445
128,衛部健食字第A00382號,威瑪舒培活力錠,抗疲勞,"保健功效之相關成分含量，每份含
紅景天苷     2.808~4.212毫克
:",易陞植物生技有限公司,懷孕、15歲以下小孩或授乳期間婦女，請勿食用。,https://consumer.fda.gov.tw//Food/InfoHealthFoodDetail.aspx?nodeID=162&id=1453
129,衛部健食字第A00383號,農純鄉滴雞精,抗疲勞,以總支鏈胺基酸為品管指標成分：0.288 ~ 0.432%,吉康食品股份有限公司,支鏈有機酸尿症(楓糖尿症)患者應避免食用。,https://consumer.fda.gov.tw//Food/InfoHealthFoodDetail.aspx?nodeID=162&id=1451
130,衛部健食字第A00384號,品純萃鱸魚精,抗疲勞,總支鏈胺基酸：272~408 mg/60 g,食安生技股份有限公司,1.支鏈有機酸尿症(例如楓糖尿症)患者應避免食用。,https://consumer.fda.gov.tw//Food/InfoHealthFoodDetail.aspx?nodeID=162&id=1452
131,衛部健食字第A00385號,金肽康五味子錠,護肝,"五味子乙素   0.74~1.1 mg/g 
芝麻素            9.",德康生物科技股份有限公司,1.	AST(GOT)、ALT(GPT)值持續異常升高可能是肝臟疾病所引起，應立即就醫。,https://consumer.fda.gov.tw//Food/InfoHealthFoodDetail.aspx?nodeID=162&id=1454
132,衛部健食字第A00386號,黃金組合甘甘好膠囊,"免疫調節, 護肝","每粒膠囊627毫克含
1.薑黃素 85 ± 17毫克/粒
2.人參皂苷Rb1 4",康霈生技股份有限公司,1.一日請勿超過1粒，多食無益。,https://consumer.fda.gov.tw//Food/InfoHealthFoodDetail.aspx?nodeID=162&id=1455
133,衛部健食字第A00387號,健康3D紅麴+鉻雙效錠,"調節血脂, 調節血糖","Monacolin K：8.0~12.0毫克/份 
三價鉻：132.8~199.",統一企業股份有限公司,1.若正值懷孕及哺乳期間請勿食用。,https://consumer.fda.gov.tw//Food/InfoHealthFoodDetail.aspx?nodeID=162&id=1456
134,衛部健食字第A00388號,桂格萃雞精,抗疲勞,『總支鏈胺基酸「Leucine 、Isoleucine 、Valine 」：每6,佳格食品股份有限公司,支鏈有機酸尿症(例如楓糖尿症)患者應避免食用。,https://consumer.fda.gov.tw//Food/InfoHealthFoodDetail.aspx?nodeID=162&id=1459
135,衛部健食字第A00389號,維士比倍勁X水補給飲,抗疲勞,牛磺酸 0.28% ~ 0.42%,三洋藥品工業股份有限公司,無特殊警語,https://consumer.fda.gov.tw//Food/InfoHealthFoodDetail.aspx?nodeID=162&id=1457
136,衛部健食字第A00390號,挺固錠,骨質保健,"Daidzein   0.84±0.16% 
Genistein   0.84±",臺鹽實業股份有限公司,1.不建議兒童、少年、孕婦、哺乳期婦女、婦科腫瘤患者或有其家族病史者食用。,https://consumer.fda.gov.tw//Food/InfoHealthFoodDetail.aspx?nodeID=162&id=1458
137,衛部健食字第A00391號,賢者之食桌 纖維粉末包,"調節血脂, 調節血糖",總膳食纖維：5~6 g/份,金車大塚股份有限公司,1.本產品含難消化性麥芽糊精，食用後可能產生排氣與脹氣現象，若有不適者，請停止食用 。,https://consumer.fda.gov.tw//Food/InfoHealthFoodDetail.aspx?nodeID=162&id=1460
138,衛部健食字第A00392號,愛之味分解茶紅豆茶,不易形成體脂肪,菊苣纖維      1.2～1.8公克/100 毫升,愛之味股份有限公司,本品含菊苣纖維，飲用後可能產生脹氣及排氣等現象，如有不適者，請停止飲用。,https://consumer.fda.gov.tw//Food/InfoHealthFoodDetail.aspx?nodeID=162&id=1463
139,衛部健食字第A00393號,金車補給園薑黃萃取物+GSH複方膠囊,護肝,"每1粒膠囊
類薑黃素   200 ± 40毫克
穀胱甘肽 125 ± 25毫克",金車股份有限公司,1.對穀胱甘肽過敏者、孕婦、哺乳婦女及嬰幼兒應避免食用。,https://consumer.fda.gov.tw//Food/InfoHealthFoodDetail.aspx?nodeID=162&id=1464
140,衛部健食字第A00394號,婕樂纖 纖飄錠,"調節血脂, 不易形成體脂肪",兒茶素 80~120 毫克/錠。,維科生技股份有限公司,無特殊警語,https://consumer.fda.gov.tw//Food/InfoHealthFoodDetail.aspx?nodeID=162&id=1480
141,衛部健食字第A00395號,正官庄高麗蔘粉EVERYTIME,"免疫調節, 護肝",人蔘皂苷,正官庄股份有限公司,本產品含難消化性麥芽糊精，食用後可能產生排氣與脹氣現象，若有不適者，請停止食用。,https://consumer.fda.gov.tw//Food/InfoHealthFoodDetail.aspx?nodeID=162&id=1479
142,衛部健食字第A00396號,人可和樟芝菌絲體膠囊,"免疫調節, 護肝","每粒膠囊595毫克，內容物500毫克
含保健功效相關成分:
可能總三萜61.00",永豐萊得股份有限公司,(1)嬰幼兒、孕婦、哺餵母乳者，如欲食用本產品，請洽詢醫師或醫療專業人員。,https://consumer.fda.gov.tw//Food/InfoHealthFoodDetail.aspx?nodeID=162&id=1481
143,衛部健食字第A00397號,勝立王朝滴雞精(原味),抗疲勞,總支鏈胺基酸：0.45±0.09%,慶豐冷凍實業有限公司,支鏈有機酸尿症(楓糖尿症)患者應避免食用。,https://consumer.fda.gov.tw//Food/InfoHealthFoodDetail.aspx?nodeID=162&id=1482
144,衛部健食字第A00398號,桂格高鈣奶粉,骨質保健,"品管指標成分：
每一份量40公克：含鈣560 ~ 840毫克。
保健功效成分：
",佳格食品股份有限公司,有乳糖不耐症者，食用前請先洽詢醫師或營養師意見；本產品含有菊苣纖維，飲用後若有脹氣不適者請停止飲用。,https://consumer.fda.gov.tw//Food/InfoHealthFoodDetail.aspx?nodeID=162&id=1483
145,衛部健食字第A00399號,葡眾猴頭菇菌絲體膠囊,延緩衰老,每一粒含有:猴頭素A 1.32-1.98 mg,葡萄王生技股份有限公司,無,https://consumer.fda.gov.tw//Food/InfoHealthFoodDetail.aspx?nodeID=162&id=1484
146,衛部健食字第A00400號,優纖 New Plus錠,不易形成體脂肪,表沒食子兒茶素沒食子酸酯：38±7.5毫克/錠,大豊開發股份有限公司,無,https://consumer.fda.gov.tw//Food/InfoHealthFoodDetail.aspx?nodeID=162&id=1485
147,衛部健食字第A00401號,苷寳良®uSOLA紅麴植萃膠囊,護肝,Monacolin K   2.0~3.0 mg/g,王子製藥股份有限公司,1. 患有嚴重疾病、感染症、肝病或經外科手術等情況者，請勿食用。,https://consumer.fda.gov.tw//Food/InfoHealthFoodDetail.aspx?nodeID=162&id=1486
148,衛部健食字第A00402號,新胺-水溶性殼醣胺,調節血脂,水溶性幾丁聚醣為0.31公克，含量為%,年代健康生活事業股份有限公司,1.對魚蝦過敏者建議不可食用。,https://consumer.fda.gov.tw//Food/InfoHealthFoodDetail.aspx?nodeID=162&id=1487
149,衛部健食字第A00403號,娘家®滴雞精,抗疲勞,總支鏈胺基酸 0.219 g - 0.329 g / 65 mL,元進莊企業股份有限公司,支鏈有機酸尿症(例如楓糖尿症)患者應避免食用。,https://consumer.fda.gov.tw//Food/InfoHealthFoodDetail.aspx?nodeID=162&id=1488
150,衛部健食字第A00404號,每朝健康無糖紅茶,不易形成體脂肪,總膳食纖維0.87 - 1.29公克/100毫升,維他露食品股份有限公司,本產品含難消化性麥芽糊精，飲用後可能產生脹氣及排氣等現象，若有不適者，請停止使用。,https://consumer.fda.gov.tw//Food/InfoHealthFoodDetail.aspx?nodeID=162&id=1489
151,衛部健食字第A00405號,YOGA高纖路易博士茶,延緩衰老功能,品管指標成分：總兒茶素628 mg/L ~ 942 mg/L,統一企業股份有限公司,本產品含難消化性麥芽糊精，食用後可能產生排氣與脹氣現象，若有不適者，請停止食用。,https://consumer.fda.gov.tw//Food/InfoHealthFoodDetail.aspx?nodeID=162&id=1493
152,衛部健食字第A00406號,三得利 芝麻明EX 膠囊,護肝,"每份含
芝麻素類 ：8-12毫克
維生素E ：44-66 毫克α-TE",新加坡商三得利健益亞太股份有限公司,無,https://consumer.fda.gov.tw//Food/InfoHealthFoodDetail.aspx?nodeID=162&id=1491
153,衛部健食字第A00407號,菁萃複方錠,骨質保健,"保健功效之相關成分含量：每錠含維生素D3 0.39~0.86 微克
品管指標成分",生達化學製藥股份有限公司,1.本產品含有牛奶鈣、乳糖、酪蛋白磷酸胜肽、卵磷脂複方成分(含乳清粉、乳糖、酪蛋白鈉)不適合其過敏體質者食用。,https://consumer.fda.gov.tw//Food/InfoHealthFoodDetail.aspx?nodeID=162&id=1490
154,衛部健食字第A00408號,杜仲葉人參風味飲,調節血糖,綠原酸Chlorogenic acid  50 mg/kg±20%,炳翰製藥廠股份有限公司,無,https://consumer.fda.gov.tw//Food/InfoHealthFoodDetail.aspx?nodeID=162&id=1497
155,衛部健食字第A00409號,保衛佳®膠囊,胃腸功能改善,"保健功效之相關成分含量：
半乳甘露聚醣：303.0~454.5 毫克/粒

品管",扶陞貿易有限公司,無特殊警語,https://consumer.fda.gov.tw//Food/InfoHealthFoodDetail.aspx?nodeID=162&id=1494
156,衛部健食字第A00411號,蘭亭牛樟芝菌絲體膠囊,調節血糖,:50mg±10mg,蘭亭生物科技股份有限公司,(1)	嬰幼兒、孕婦、哺餵母乳者，如欲食用本產品，請洽詢醫師或醫療專業人員。,https://consumer.fda.gov.tw//Food/InfoHealthFoodDetail.aspx?nodeID=162&id=1502
157,衛部健食字第A00412號,聚安堂納豆紅麴膠囊,調節血脂,"保健功效之相關成分含量
Monacolin K  1.91~2.86 mg/粒",台灣優杏生物科技股份有限公司,1.患有嚴重疾病、感染症、肝病或經外科手術等情況者，請勿食用。,https://consumer.fda.gov.tw//Food/InfoHealthFoodDetail.aspx?nodeID=162&id=1503
158,衛部健食字第A00413號,老協珍熬雞精,抗疲勞,總支鏈胺基酸 0.58% ~ 0.86%,老協珍股份有限公司,支鏈有機酸尿症(楓糖尿症)患者應避免使用。,https://consumer.fda.gov.tw/Food/InfoHealthFoodDetail.aspx?nodeID=162&id=1507
159,衛部健食字第A00414號,氧甘寶錠,"抗疲勞功能, 護肝功能",護肝：保健功效之相關成分含量：薑黃素168~252 mg/3錠,久禾生物科技有限公司,1.本品含薑黃素，孕婦、哺乳婦及嬰幼兒應避免食用。,https://consumer.fda.gov.tw//Food/InfoHealthFoodDetail.aspx?nodeID=162&id=1505
160,衛部健食字第A00415號,双纖麥茶,不易形成體脂肪,"難消化性麥芽糊精0.73~1.09公克/100毫升
菊苣纖維 0.60~0.90",愛之味股份有限公司,產品含有菊苣纖維，飲用後促進腸道蠕動，並產生脹氣及排氣等現象，若有不適者，請停止飲用。,https://consumer.fda.gov.tw//Food/InfoHealthFoodDetail.aspx?nodeID=162&id=1504
161,衛部健食字第A00416號,深海礦萃海洋深層水,調節血脂功能,每瓶含鎂：280 ppm±10%,光隆生化科技股份有限公司,腎功能不佳者，請遵循醫師指示飲用,https://consumer.fda.gov.tw//Food/InfoHealthFoodDetail.aspx?nodeID=162&id=1506
162,衛部健食字第A00417號,七采鈣樂飲,骨質保健,"保健功效成分：維生素D3 10.08 ~ 15.12 μg/包
品管指標成分：鈣",德康生物科技股份有限公司,本品含有菊苣纖維，飲用後若有脹氣不適者請停止飲用。,http://consumer.fda.gov.tw//Food/InfoHealthFoodDetail.aspx?nodeID=162&id=1508
163,衛部健食字第A00418號,聿健®活力膠囊,調節血脂功能,以蝦紅素為品管指標成分：0.22% ~ 0.33%,聿新生物科技股份有限公司新竹科學園區分公司,服用抗凝血藥品之病患不宜食用。,
164,衛部健食字第A00419號,悅氏麥仔茶,胃腸功能改善,"每份550毫升含有異麥芽寡醣
 4.75±0.95公克。",名牌食品股份有限公司,1.本產品不能治療矯正任何疾病，身體不適者仍需就醫。,
165,衛部健食字第A00420號,金善錠,不易形成體脂肪,"羥基檸檬酸  220 ~ 330 mg/錠 
綠原酸       20~30mg",亞鋐生醫國際有限公司,1.如出現消化道不適、頭痛、頭暈、口乾、、噁心、出汗等不適症狀，應停止使用並就醫。,http://consumer.fda.gov.tw/Food/InfoHealthFoodDetail.aspx?nodeID=162&id=1512
166,衛部健食字第A00421號,固立穩定 錠狀食品,骨質保健,本產品以鈣為功效指標成分，每份  36～54毫克。,中化健康生技股份有限公司,1.正在接受治療之骨質疏鬆患者，請諮詢醫師或營養師有關食用本品之建議。,
167,衛部健食字第A00422號,葡萄王易得纖益生菌膠囊,不易形成體脂肪,品管指標成分：活性總乳酸菌≧2.1×1010 CFU/g,葡萄王生技股份有限公司,本品含乳製品，對乳製品過敏者謹慎使用。,
168,衛部健食字第A00423號,無加糖鮮豆漿,調節血脂,黃豆蛋白 2.7 ~ 4.1 g/100 mL,光泉牧場股份有限公司,1.本產品含大豆，對其過敏者不宜食用。,http://consumer.fda.gov.tw/Food/InfoHealthFoodDetail.aspx?nodeID=162&id=1513
169,衛部健食字第A00424號,孅柑萃膠囊,不易形成體脂肪,柚皮苷  126.8~190.2 毫克/克內容物,百達醫企業有限公司,1.一日請勿超過2顆，多食無益。,http://consumer.fda.gov.tw/Food/InfoHealthFoodDetail.aspx?nodeID=162&id=1516
170,衛部健食字第A00425號,燃燒日記膠囊,不易形成體脂肪,"保健功效成分：兒茶素283±56.6 毫克/克內容物。
品管指標成分：綠原酸3.",麗彤生醫科技股份有限公司,1.本產品含有乳糖，不適合其過敏體質者食用。,http://consumer.fda.gov.tw/Food/InfoHealthFoodDetail.aspx?nodeID=162&id=1515
171,衛部健食字第A00426號,萬歲牌機能纖蔬燕麥堅果飲,調節血脂功能,菊苣纖維3.44～5.16 公克/32公克,聯華食品工業股份有限公司,本品含菊苣纖維，飲用後可能產生脹氣及排氣等現象，如有不適者，請停止飲用,
172,衛部健食字第A00427號,可果美O tomate 100%蕃茄檸檬汁,調節血脂,每一份含：茄紅素 22.8-34.2毫克。,臺灣可果美股份有限公司,開瓶後請盡早飲用，若未喝完，請置於冷藏庫中保存，建議於當日飲用完畢。,http://consumer.fda.gov.tw/Food/InfoHealthFoodDetail.aspx?nodeID=162&id=1517
173,衛部健食字第A00428號,安永鱸魚精 健康御品,抗疲勞,每包 60 mL含總支鏈胺基酸規格：434.4 mg ± 20%,宜蘭安永樂活股份有限公司,1.	本產品含有魚類製品，不適合過敏體質者飲用。,http://consumer.fda.gov.tw/Food/InfoHealthFoodDetail.aspx?nodeID=162&id=1519
174,衛部健食字第A00429號,正官庄高麗蔘精EVERYTIME PLUS,"免疫調節, 抗疲勞","人蔘皂苷：
21.2~31.8 mg/10 mL",正官庄股份有限公司,(1)小兒、孕婦或哺乳期，應謹慎食用或尋求醫師建議。,http://consumer.fda.gov.tw/Food/InfoHealthFoodDetail.aspx?nodeID=162&id=1521
175,衛部健食字第A00430號,威瑪舒培®活力錠,抗疲勞,紅景天苷：1.44~2.16 mg/g,臺灣威瑪舒培有限公司,懷孕、15歲以下小孩或授乳期間婦女，請勿食用。,http://consumer.fda.gov.tw/Food/InfoHealthFoodDetail.aspx?nodeID=162&id=1523
176,衛部健食字第A00431號,茶有FU-三分糖紅茶,胃腸功能改善,總膳食纖維：1.46 %~ 2.20%,三皇生物科技股份有限公司,1. 本產品含膳食纖維，食用後可能會產生排氣與脹氣現象，若有不適者，請停止飲用。2. 孩童、懷孕及哺乳婦女與對咖啡因敏感,http://consumer.fda.gov.tw/Food/InfoHealthFoodDetail.aspx?nodeID=162&id=1528
177,衛部健食字第A00432號,Hi-Q鱸魚精,抗疲勞功能,總支鏈胺基酸0.48% ~ 0.72%,中華海洋生技股份有限公司,本產品含有魚類製品，不適合對其過敏體質者飲用。,http://consumer.fda.gov.tw/Food/InfoHealthFoodDetail.aspx?nodeID=162&id=1529
178,衛部健食字第A00433號,波爾益牙無糖口香糖-薄荷風味,牙齒保健,每份15克含木糖醇 6.0 ± 1.2公克,金車股份有限公司,1.少吃甜食，維持口腔衛生是防止蛀牙的最基本要素。,http://consumer.fda.gov.tw/Food/InfoHealthFoodDetail.aspx?nodeID=162&id=1532
179,衛部健食字第A00434號,紅薏仁飲,調節血脂,膳食纖維含量：6.2 ± 1.2 g/195 mL,弘陽生技股份有限公司,本產品含紅薏仁，懷孕及授乳期間請勿食用；本產品含難消化性麥芽糊精，食用後可能產生排氣與脹氣現象，若有不適者，請停止食用。,http://consumer.fda.gov.tw/Food/InfoHealthFoodDetail.aspx?nodeID=162&id=1527
180,衛部健食字第A00435號,善又美草本複方膠囊,不易形成體脂肪,"二氫楊梅素：290.4 ~ 435.6 mg/2粒
橙皮苷：5.68 ~ 8.5",科達製藥股份有限公司,無,http://consumer.fda.gov.tw/Food/InfoHealthFoodDetail.aspx?nodeID=162&id=1530
181,衛部健食字第A00436號,益酸寧濃縮細粒,胃腸功能改善,"芍藥甙：1.16~1.74 mg/g 
甘草酸：1.26~1.90 mg/g",科達製藥股份有限公司,(1)本品已含鈣質相關成分，建議有補充鈣片或其他綜合維他命者應酌於考量。,http://consumer.fda.gov.tw/Food/InfoHealthFoodDetail.aspx?nodeID=162&id=1531
182,衛部健食字第A00437號,氣冷雞滴雞精,抗疲勞,總支鏈胺基酸 264±53毫克/50毫升,洽富實業股份有限公司,支鏈有機酸尿症(楓糖尿症)患者應避免食用。,http://consumer.fda.gov.tw/Food/InfoHealthFoodDetail.aspx?nodeID=162&id=1533
183,衛部健食字第A00438號,谷穩錠,骨質保健,"大豆異黃酮苷素 4.56~6.84 mg/g
金雀異黃酮苷素 4.56~6.84",上浤醫藥生技股份有限公司,1.不建議兒童、少年、孕婦、哺乳期婦女、婦科腫瘤患者或有其家族病史者食用。,http://consumer.fda.gov.tw/Food/InfoHealthFoodDetail.aspx?nodeID=162&id=1534
184,衛部健食字第A00439號,BB神采速纖飲,抗疲勞,牛磺酸：22.4 ~ 33.6 mg/g,振翔生物科技有限公司,1.本品含有少量咖啡因，對咖啡因敏感者，請斟酌使用。,https://consumer.fda.gov.tw/Food/InfoHealthFoodDetail.aspx?nodeID=162&id=1535
185,衛部健食字第A00440號,旨樂清膠囊,調節血脂,Monacolin K,精華生醫股份有限公司,1.患有嚴重疾病、感染症、肝病或經外科手術等情況者，請勿食用。,http://consumer.fda.gov.tw/Food/InfoHealthFoodDetail.aspx?nodeID=162&id=1538
186,衛部健食字第A00441號,枳椇子朝鮮薊複方錠,護肝,"五味子乙素：0.31 ~ 0.46 mg/g
芝麻素：3.50 ~ 4.64 m",上浤醫藥生技股份有限公司,一日請勿超過4錠，多食無益。,http://consumer.fda.gov.tw/Food/InfoHealthFoodDetail.aspx?nodeID=162&id=1536
187,衛部健食字第A00442號,樟之力牛樟芝菌絲體膠囊,免疫調節,可能總三萜、腺苷。,綠茵生技股份有限公司,1.請徵詢醫師、藥師或營養師有關食用本品之意見；均衡的飲食及適當運動，為身體健康之基礎。,http://consumer.fda.gov.tw/Food/InfoHealthFoodDetail.aspx?nodeID=162&id=1537
188,衛部健食字第A00443號,TWK10® 乳酸菌膠囊,抗疲勞,總乳酸菌,生合生物科技股份有限公司,無。,http://consumer.fda.gov.tw//Food/InfoHealthFoodDetail.aspx?nodeID=162&id=1543
189,衛部健食字第A00444號,輕甘酯膠囊,護肝,本產品以腺苷為品管指標成分，內容物515 mg±10%/粒,泰宗生物科技股份有限公司,無。,http://consumer.fda.gov.tw/Food/InfoHealthFoodDetail.aspx?nodeID=162&id=1548
190,衛部健食字第A00445號,酐衛複方草本精華膠囊,護肝,"五味子乙素為本品的品管指標成分。
本品每粒膠囊 595 mg ± 5% 中含有五",澤生生技股份有限公司,無。,http://consumer.fda.gov.tw/Food/InfoHealthFoodDetail.aspx?nodeID=162&id=1547
191,衛部健食字第A00446號,馬玉山高纖大燕麥片,"調節血脂, 免疫調節",β-葡聚醣：2.8% ~ 4.2%,馬玉山食品工業股份有限公司,無。,http://consumer.fda.gov.tw//Food/InfoHealthFoodDetail.aspx?nodeID=162&id=1546
192,衛部健食字第A00447號,有機檸檬醱酵液,調節血脂,橙皮苷  402~603 μg/mL,健茂科技股份有限公司,飲用本品，在使用藥物前須先諮詢醫師和藥師之意見。,http://consumer.fda.gov.tw/Food/InfoHealthFoodDetail.aspx?nodeID=162&id=1550
193,衛部健食字第A00448號,多補多β-Glucan膠囊,免疫調節,β-聚葡萄糖  56~84 g/100 g,禮得健康有限公司,無,http://consumer.fda.gov.tw/Food/InfoHealthFoodDetail.aspx?nodeID=162&id=1552
194,衛部健食字第A00449號,芯動力膠囊,調節血脂,L-精胺酸：696-1044 mg/2粒,亞洲生化科技股份有限公司,1.懷孕婦女、洗腎病人，食用前請先洽醫療專業人員。,http://consumer.fda.gov.tw/Food/InfoHealthFoodDetail.aspx?nodeID=162&id=1551
195,衛部健食字第A00450號,青之寶膠囊,調節血脂,"保健功效相關成分含量，每份含
橄欖多酚   12.32~18.48 毫克",晶沛生技有限公司,1.孕婦及嬰幼兒不宜食用。,http://consumer.fda.gov.tw/Food/InfoHealthFoodDetail.aspx?nodeID=162&id=1554
196,衛部健食字第A00451號,健字山苦瓜膠囊,調節血糖,三價鉻：64.774~97.160 mg/kg,精華生醫股份有限公司,食用本品，在使用藥物前須先諮詢醫師或藥師。,http://consumer.fda.gov.tw/Food/InfoHealthFoodDetail.aspx?nodeID=162&id=1555
197,衛部健食字第A00452號,善存益生菌 EX 粉末顆粒,輔助調整過敏體質,每包 2 公克含總乳酸菌數達 1.5 × 10^10 CFU 以上,美商百豐生醫股份有限公司台灣分公司,1. 本品含菊苣纖維，食用後可能產生脹氣及排氣等現象，如有不適者，請停止食用。,http://consumer.fda.gov.tw/Food/InfoHealthFoodDetail.aspx?nodeID=162&id=1560
198,衛部健食字第A00453號,威瑪舒培薑黃養護錠,護肝,"薑黃素：77~115 mg/g
芝麻素：4.72~7.08 mg/g",台灣綠金家園有限公司,1.孕婦、哺乳婦女及嬰幼兒應避免食用。,http://consumer.fda.gov.tw/Food/InfoHealthFoodDetail.aspx?nodeID=162&id=1556
199,衛部健食字第A00454號,活力錠,抗疲勞,紅景天苷 1.44~2.16 毫克/克,上浤醫藥生技股份有限公司,1.本品含有管花肉蓯蓉萃取物，嬰幼兒、15歲以下小孩、孕婦、哺乳期婦女及服用抗凝血功能藥物者不宜食用。,http://consumer.fda.gov.tw/Food/InfoHealthFoodDetail.aspx?nodeID=162&id=1559
200,衛部健食字第A00455號,倍勁®P健康機能飲,"抗疲勞, 護肝","牛磺酸： 1.41~2.12 g/180 mL 
五味子乙素： 595~892 ",三洋藥品工業股份有限公司,1.本品含五味子乙素，服用藥物(如降血壓、降膽固醇或精神科藥物)時，請徵詢醫師或藥師，注意相關藥物之交互作用。,http://consumer.fda.gov.tw/Food/InfoHealthFoodDetail.aspx?nodeID=162&id=1561
201,衛部健食字第A00456號,愛之味純濃燕麥(職人專用),免疫調節,β-聚葡萄糖 344~516毫克/100毫升,愛之味股份有限公司,有過敏體質或自體免疫疾病者，請洽詢醫師意見小心食用。,http://consumer.fda.gov.tw/Food/InfoHealthFoodDetail.aspx?nodeID=162&id=1563
202,衛部健食字第A00458號,大研德國極品魚油軟膠囊,調節血脂,"EPA 391 ~ 529 mg/g
DHA 259 ~ 351 mg/g",大研生醫國際股份有限公司,1. 中風及心律不整病人應避免食用。,http://consumer.fda.gov.tw/Food/InfoHealthFoodDetail.aspx?nodeID=162&id=1566
203,衛部健食字第A00459號,日月養生滴雞精,抗疲勞,總支鏈胺基酸：0.4%~0.6%,芳茂企業股份有限公司,◎ 支鏈有機酸尿症(例如楓糖尿症)患者應避免食用。,http://consumer.fda.gov.tw/Food/InfoHealthFoodDetail.aspx?nodeID=162&id=1568
204,衛部健食字第A00460號,鎂娜®紅景天膠囊,抗疲勞,絡薩維：3.6 ± 0.72亳克/顆 膠囊,豐山生技醫藥品股份有限公司,1. 15歲以下小孩、懷孕或授乳期間婦女，請勿食用。,http://consumer.fda.gov.tw/Food/InfoHealthFoodDetail.aspx?nodeID=162&id=1569
205,衛部健食字第A00461號,泰山珍穀益南瓜藜麥粥,調節血脂,菊苣纖維2.704%~4.056%,泰山企業股份有限公司,本產品含有菊苣纖維，食用後若有脹氣不適者請停止食用。,http://consumer.fda.gov.tw/Food/InfoHealthFoodDetail.aspx?nodeID=162&id=1570
206,衛部健食字第A00462號,善存守護PRO益生菌膠囊,免疫調節,總乳酸菌數 ≥ 1.0 × 10^10 CFU/g,美商百豐生醫股份有限公司台灣分公司,1.一日請勿超過2粒，多食無益。,http://consumer.fda.gov.tw/Food/InfoHealthFoodDetail.aspx?nodeID=162&id=1572
207,衛部健食字第A00463號,立康生醫益菌多顆粒,胃腸功能改善,1.龍根雙歧桿菌Bifidobacterium longum 1.0 × 101,生展生物科技股份有限公司,過敏原警語：本產品含有牛奶及其製品。,http://consumer.fda.gov.tw/Food/InfoHealthFoodDetail.aspx?nodeID=162&id=1571
208,衛部健食字第A00464號,金肽康五味子錠,護肝,"五味子乙素   0.74~1.1 mg/g 
芝麻素            9.",德康生物科技股份有限公司,1.AST(GOT)、ALT(GPT)值持續異常升高可能是肝臟疾病所引起，應立即就醫。,http://consumer.fda.gov.tw/Food/InfoHealthFoodDetail.aspx?nodeID=162&id=1573
209,衛部健食字第A00465號,GREENGOLD 藤燃果膠囊,不易形成體脂肪,羥基檸檬酸320~480 mg/g,台灣綠金家園有限公司,1. 如出現消化道不適、頭痛、頭暈、口乾、噁心、出汗等不適症狀，應停止使用並就醫。,http://consumer.fda.gov.tw/Food/InfoHealthFoodDetail.aspx?nodeID=162&id=1575
210,衛部健食字第A00466號,長庚冬蟲夏草菌絲體膠囊,抗疲勞,腺苷含量 0.63±0.126 mg/350 mg,長庚生物科技股份有限公司,本產品發酵培養基含大豆成分，過敏體質者，請諮詢醫師或醫療專業人員。,http://consumer.fda.gov.tw/Food/InfoHealthFoodDetail.aspx?nodeID=162&id=1583
211,衛部健食字第A00467號,生活竹韵綠茶,調節血脂,膳食纖維：1.40%~2.10%,三皇生物科技股份有限公司,1.本產品含有膳食纖維，食用後可能會產生排氣與脹氣現象，若有不適者，請停止飲用。,http://consumer.fda.gov.tw/Food/InfoHealthFoodDetail.aspx?nodeID=162&id=1587
212,衛部健食字第A00468號,高纖即食大燕麥片,不易形成體脂肪,β-聚葡萄糖 ：3.93% ± 20%,鈺統食品股份有限公司,1.攝取本產品應取代等量之日常穀類飲食。,http://consumer.fda.gov.tw/Food/InfoHealthFoodDetail.aspx?nodeID=162&id=1586
213,衛部健食字第A00469號,AB無加糖優酪乳2019年版,胃腸功能改善,總乳酸菌≧1×10^8 CFU/mL,統一企業股份有限公司,無特殊警語,http://consumer.fda.gov.tw/Food/InfoHealthFoodDetail.aspx?nodeID=162&id=1588
214,衛部健食字第A00470號,納豆紅麴複方膠囊,調節血脂,Monacolin K： 7.056~10.584 mg/g,愷達生醫有限公司,1.一日請勿超過2顆，多食無益。,http://consumer.fda.gov.tw/Food/InfoHealthFoodDetail.aspx?nodeID=162&id=1589
215,衛部健食字第A00471號,統一陽光無加糖高纖燕麥穀奶,調節血脂,"菊苣纖維0.80~1.20公克/100毫升
β-聚葡萄糖0.4485~0.667",統一企業股份有限公司,本品含有菊苣纖維，飲用後會促進腸道蠕動，若有脹氣不適者請停止飲用。,http://consumer.fda.gov.tw/Food/InfoHealthFoodDetail.aspx?nodeID=162&id=1591
216,衛部健食字第A00472號,生活竹韵青茶,調節血脂,膳食纖維：1.40% ~ 2.10%,三皇生物科技股份有限公司,1. 本產品含有膳食纖維，食用後可能會產生排氣與脹氣現象，若有不適者，請停止飲用。2. 孩童、懷孕及哺乳婦女與對咖啡因敏,http://consumer.fda.gov.tw/Food/InfoHealthFoodDetail.aspx?nodeID=162&id=1592
217,衛部健食規字第000036號(本證失效),台灣紅麴王膠囊,"調節血脂, 紅麴（規格標準）-調節血脂",Monacolin K,大江基因醫學股份有限公司,1. 患有嚴重疾病、感染症、肝病或經外科手術等情況者，請勿食用。,https://consumer.fda.gov.tw/Food/InfoHealthFoodDetail.aspx?nodeID=162&id=244
218,衛部健食規字第000038號,好脂速膠囊,"調節血脂, 魚油（規格標準）-調節血脂",Omega-3 acids,悅寶生物科技股份有限公司,正在服用抗凝血劑者，例如：阿斯匹靈...等凝血功能不全者及嬰幼兒、孕婦或糖尿病患者，食用前請先徵詢醫師意見。,https://consumer.fda.gov.tw/Food/InfoHealthFoodDetail.aspx?nodeID=162&id=252
219,衛部健食規字第000039號,芷靖錠,"調節血脂, 紅麴（規格標準）-調節血脂",Monacolin K,柏諦生物科技股份有限公司,1.患有嚴重疾病、感染症、肝病或經外科手術等情況者，請勿食用。,https://consumer.fda.gov.tw/Food/InfoHealthFoodDetail.aspx?nodeID=162&id=249
220,衛部健食規字第000041號,好清醇紅麴素食膠囊,"調節血脂, 紅麴（規格標準）-調節血脂",Monacolin K,蒙帝那生物科技股份有限公司,1.患有嚴重疾病、感染症、肝病或經外科手術等情況者，請勿食用。,https://consumer.fda.gov.tw/Food/InfoHealthFoodDetail.aspx?nodeID=162&id=254
221,衛部健食規字第000042號,愛之味紅麴保健膠囊,"調節血脂, 紅麴（規格標準）-調節血脂",Monacolin K,愛之味股份有限公司,1.患有嚴重疾病、感染症、肝病或經外科手術等情況者，請勿食用。,https://consumer.fda.gov.tw/Food/InfoHealthFoodDetail.aspx?nodeID=162&id=271
222,衛部健食規字第000043號,首席麴萃紅麴膠囊,"調節血脂, 紅麴（規格標準）-調節血脂",Monacolin K,世博生技有限公司,1.患有嚴重疾病、感染症、肝病或經外科手術等情況者，請勿食用。,https://consumer.fda.gov.tw/Food/InfoHealthFoodDetail.aspx?nodeID=162&id=259
223,衛部健食規字第000044號,歐米茄3深海魚油軟膠囊,"調節血脂, 魚油（規格標準）-調節血脂",Omega-3 acids,大江基因醫學股份有限公司,正在服用抗凝血劑者，例如：阿斯匹靈…等凝血功能不全者及嬰幼兒、孕婦或糖尿病患者，食用前請先徵詢醫師意見。,https://consumer.fda.gov.tw/Food/InfoHealthFoodDetail.aspx?nodeID=162&id=267
224,衛部健食規字第000045號,養生淨魚油軟膠囊,"調節血脂, 魚油（規格標準）-調節血脂",Omega-3 acids,大江生醫股份有限公司,正在服用抗凝血劑者，例如：阿斯匹靈…等凝血功能不全者及嬰幼兒、孕婦或糖尿病患者，食用前請先徵詢醫師意見。,https://consumer.fda.gov.tw/Food/InfoHealthFoodDetail.aspx?nodeID=162&id=268
225,衛部健食規字第000046號,清輕青魚油軟膠囊,"調節血脂, 魚油（規格標準）-調節血脂",Omega-3 acids,台灣第一新藥股份有限公司,正在服用抗凝血劑者，例如：阿斯匹靈…等凝血功能不全者及嬰幼兒、孕婦或糖尿病患者，食用前請先徵詢醫師意見。,https://consumer.fda.gov.tw//Food/InfoHealthFoodDetail.aspx?nodeID=162&id=266
226,衛部健食規字第000047號,雙魚海中寶魚油軟膠囊,"調節血脂, 魚油（規格標準）-調節血脂",Omega-3 acids,德山製藥股份有限公司,正在服用抗凝血劑者，例如:阿斯匹靈…等凝血功能不全者及嬰幼兒、孕婦或糖尿病患者，食用前請先徵詢醫師意見。,https://consumer.fda.gov.tw//Food/InfoHealthFoodDetail.aspx?nodeID=162&id=269
227,衛部健食規字第000048號,漁人健康魚油軟膠囊,"調節血脂, 魚油（規格標準）-調節血脂","Omega-3 acids  
二十碳五烯酸  
二十碳六烯酸",漁人製藥股份有限公司,正在服用抗凝血劑者，例如:阿斯匹靈…等凝血功能不全者及嬰幼兒、孕婦或糖尿病患者，食用前請先徵詢醫師意見。,https://consumer.fda.gov.tw//Food/InfoHealthFoodDetail.aspx?nodeID=162&id=1492
228,衛部健食規字第000049號,麴康膠囊,"調節血脂, 紅麴（規格標準）-調節血脂",Monacolin K,禾懋生物醫學股份有限公司,1.患有嚴重疾病、感染症、肝病或經外科手術等情況者，請勿食用。,https://consumer.fda.gov.tw//Food/InfoHealthFoodDetail.aspx?nodeID=162&id=273
229,衛部健食規字第000050號,愛之味深海魚油膠囊,"調節血脂, 魚油（規格標準）-調節血脂","純度含量
二十碳五烯酸 
二十二碳六烯酸",愛之味股份有限公司,正在服用抗凝血劑者，例如：阿斯匹靈…等凝血功能不全者及嬰幼兒、孕婦或糖尿病患者，食用前請先徵詢醫師意見。,https://consumer.fda.gov.tw//Food/InfoHealthFoodDetail.aspx?nodeID=162&id=281
230,衛部健食規字第000051號,精粹紅麴隨手包,"調節血脂, 紅麴（規格標準）-調節血脂",Monacolin K,振翔生物科技有限公司,1.患有嚴重疾病、感染症、肝病或經外科手術等情況者，請勿食用 。,https://consumer.fda.gov.tw//Food/InfoHealthFoodDetail.aspx?nodeID=162&id=283
231,衛部健食規字第000052號,諾寶紅麴膠囊,"調節血脂, 紅麴（規格標準）-調節血脂",Monacolin K,諾貝兒寶貝股份有限公司,1. 患有嚴重疾病、感染症、肝病或經外科手術等情況者，請勿食用。,https://consumer.fda.gov.tw//Food/InfoHealthFoodDetail.aspx?nodeID=162&id=286
232,衛部健食規字第000053號,你滋美得 健康精粹魚油膠囊,"調節血脂, 魚油（規格標準）-調節血脂","純度
二十碳五烯酸 
二十二碳六烯酸",景華生技股份有限公司,正在服用抗凝血劑者，例如：阿斯匹靈…等凝血功能不全者及嬰幼兒、孕婦或糖尿病患者，食用前請先徵詢醫師意見,https://consumer.fda.gov.tw//Food/InfoHealthFoodDetail.aspx?nodeID=162&id=291
233,衛部健食規字第000054號,悠萃美佳魚油軟膠囊,"調節血脂, 魚油（規格標準）-調節血脂","EPA 含量：147-210 毫克/粒
DHA 含量：105-140 毫克/粒
",中南生物科技股份有限公司,正在服用抗凝血劑者，例如:阿斯匹靈…等凝血功能不全者及嬰幼兒、孕婦或糖尿病患者，食用前請先徵詢醫師意見。,https://consumer.fda.gov.tw//Food/InfoHealthFoodDetail.aspx?nodeID=162&id=295
234,衛部健食規字第000055號,如順健康魚油膠囊,"調節血脂, 魚油（規格標準）-調節血脂","EPA含量：105-150毫克/顆
DHA含量：75-100毫克/顆
魚油純度：",普新生技股份有限公司,正在服用抗凝血劑者，例如:阿斯匹靈…等凝血功能不全者及嬰幼兒、孕婦或糖尿病患者，食用前請先徵詢醫師意見。,https://consumer.fda.gov.tw//Food/InfoHealthFoodDetail.aspx?nodeID=162&id=299
235,衛部健食規字第000057號,紅麴優清膠囊,"調節血脂, 紅麴（規格標準）-調節血脂",HMG-COA還原酵素抑制劑Monacolin K,順天本草股份有限公司,1.患有嚴重疾病、感染症、肝病或經外科手術等情況者，請勿食用。,https://consumer.fda.gov.tw//Food/InfoHealthFoodDetail.aspx?nodeID=162&id=304
236,衛部健食規字第000058號,高優質Plus魚油軟膠囊,"調節血脂, 魚油（規格標準）-調節血脂","EPA 含量：18%~26% 
DHA 含量：12%~18% 
魚油純度：30~",杏輝藥品工業股份有限公司,正在服用抗凝血劑者，例如：阿斯匹靈…等凝血功能不全者及嬰幼,https://consumer.fda.gov.tw//Food/InfoHealthFoodDetail.aspx?nodeID=162&id=323
237,衛部健食規字第000059號,安益身清紅麴膠囊,"調節血脂, 紅麴（規格標準）-調節血脂",HMG-CoA還原酵素抑制劑Monacolin K,漢生堂生物科技有限公司,1.患有嚴重疾病、感染症、肝病或經外科手術等情況者，請勿食用。,https://consumer.fda.gov.tw//Food/InfoHealthFoodDetail.aspx?nodeID=162&id=317
238,衛部健食規字第000060號,天明康健紅麴膠囊,"調節血脂, 紅麴（規格標準）-調節血脂",Monacolin K 6~8毫克/粒,天明製藥股份有限公司農科分公司,1.患有嚴重疾病、感染症、肝病或經外科手術等情況者，請勿食用。,https://consumer.fda.gov.tw//Food/InfoHealthFoodDetail.aspx?nodeID=162&id=327
239,衛部健食規字第000064號,天明活力順魚油膠囊,"調節血脂, 魚油（規格標準）-調節血脂","EPA含量： 182~273 毫克 
DHA含量： 123~185毫克 
魚油純",天明製藥股份有限公司,正在服用抗凝血劑者，例如：阿斯匹靈…等凝血功能不全者及嬰幼兒、孕婦或糖尿病患者，食用前請先徴詢醫師意見。,https://consumer.fda.gov.tw//Food/InfoHealthFoodDetail.aspx?nodeID=162&id=339
240,衛部健食規字第000065號,樂活魚油軟膠囊,"調節血脂, 魚油（規格標準）-調節血脂",魚油純度,臺鹽實業股份有限公司,正在服用抗凝血劑者，例如：阿斯匹靈…等凝血功能不全者及嬰幼兒、孕婦或糖尿病患者，食用前請先徴詢醫師意見。,https://consumer.fda.gov.tw//Food/InfoHealthFoodDetail.aspx?nodeID=162&id=379
241,衛部健食規字第000066號,伊美維達健康紅麴膠囊,"調節血脂, 紅麴（規格標準）-調節血脂",HMG-COA COA還原酵素抑制劑 Monacolin K,茂超醫材生技有限公司,1. 患有嚴重疾病、感染症、肝病或經外科手術等情況者，請勿食用。,https://consumer.fda.gov.tw//Food/InfoHealthFoodDetail.aspx?nodeID=162&id=421
242,衛部健食規字第000067號,優旨樂紅麴膠囊,"調節血脂功能, 紅麴（規格標準）-調節血脂功能",HMG-CoA還原酵素抑制劑,德康生物科技股份有限公司,1. 患有嚴重疾病、感染症、肝病或經外科手術等情況者，請勿食用。,https://consumer.fda.gov.tw//Food/InfoHealthFoodDetail.aspx?nodeID=162&id=426
243,衛部健食規字第000068號,BHK’s深海魚油軟膠囊,"調節血脂, 魚油（規格標準）-調節血脂","每份含
EPA 307.2~460.8 mg
DHA 217.6~320 mg
",帝力股份有限公司,1.正在服用抗凝血劑者，例如:阿斯匹靈…等凝血功能不全者及嬰幼兒、孕婦或糖尿病患者，食用前請先徵詢醫師意見。,https://consumer.fda.gov.tw//Food/InfoHealthFoodDetail.aspx?nodeID=162&id=1447
244,衛部健食規字第000069號,北条博士-通醇精純魚油軟膠囊,"調節血脂, 魚油（規格標準）-調節血脂","每份2顆含
EPA 307.2~460.8 mg
DHA 217.6~320 m",馬太生物科技有限公司,1.正在服用抗凝血劑者，例如:阿斯匹靈…等凝血功能不全者及嬰幼兒、孕婦或糖尿病患者，食用前請先徵詢醫師意見。,https://consumer.fda.gov.tw//Food/InfoHealthFoodDetail.aspx?nodeID=162&id=1448
245,衛部健食規字第000071號,創普997淨魚油軟膠囊,"調節血脂, 魚油（規格標準）-調節血脂","EPA:630-930mg
DHA:480-690mg
魚油純度:40-50%",創普生技股份有限公司,正在服用抗凝血劑者，例如：阿斯匹靈…等凝血功能不全者及嬰幼兒、孕婦或糖尿病患者，食用前請先徵詢醫師意見。,https://consumer.fda.gov.tw//Food/InfoHealthFoodDetail.aspx?nodeID=162&id=1461
246,衛部健食規字第000072號,大醫生技紅麴膠囊,"調節血脂, 紅麴（規格標準）-調節血脂","每顆含HMG-CoA還原酵素抑制劑
Monacolin K      9.2~1",大醫生技有限公司,1.	患有嚴重疾病、感染症、肝病或經外科手術等情況者，請勿食用。,https://consumer.fda.gov.tw//Food/InfoHealthFoodDetail.aspx?nodeID=162&id=1462
247,衛部健食規字第000073號,益健紅麴膠囊,"調節血脂, 紅麴（規格標準）-調節血脂","每份含HMG-CoA還原酵素抑制劑
Monacolin K  4.71~7.05",益力康生物科技有限公司,1.患有嚴重疾病、感染症、肝病或是經外科手術等情況者，請勿食用。,https://consumer.fda.gov.tw//Food/InfoHealthFoodDetail.aspx?nodeID=162&id=1478
248,衛部健食規字第000074號,優旨樂®深海魚油軟膠囊,"調節血脂功能, 魚油（規格標準）-調節血脂功能","每份2顆含
EPA	307.2~460.8 mg
DHA	217.6~320 m",德康生物科技股份有限公司,1.	本品含有魚油，不適合對其過敏體質者食用。,https://consumer.fda.gov.tw/Food/InfoHealthFoodDetail.aspx?nodeID=162&id=1500
249,衛部健食規字第000075號,常春樂活御紅麴膠囊,"調節血脂功能, 紅麴（規格標準）-調節血脂功能",每份含HMG-CoA還原酵素抑制劑Monacolin K含量為4.8~7.2毫克,台視文化事業股份有限公司,1.	患有嚴重疾病、感染症、肝病或經外科手術等情況者，請勿食用。,https://consumer.fda.gov.tw//Food/InfoHealthFoodDetail.aspx?nodeID=162&id=1495
250,衛部健食規字第000076號,紅麴膠囊,"調節血脂功能, 紅麴（規格標準）-調節血脂功能",每粒膠囊:Monacolin K 6±1.2毫克,三多士股份有限公司,1.懷孕及授乳期間、患有嚴重疾病、感染症、肝病或經外科手術等情況者，請勿食用。,https://consumer.fda.gov.tw/Food/InfoHealthFoodDetail.aspx?nodeID=162&id=1498
251,衛部健食規字第000077號,常景紅麴膠囊,"調節血脂功能, 紅麴（規格標準）-調節血脂功能",每粒含HMG-CoA還原酵素抑制劑Monacolin K 2.50～3.75毫克,常富養生科技有限公司,1. 患有嚴重疾病、感染症、肝病或經外科手術等情況者，請勿食用。,https://consumer.fda.gov.tw//Food/InfoHealthFoodDetail.aspx?nodeID=162&id=1501
252,衛部健食規字第000078號,2812機能魚油軟膠囊,"調節血脂, 魚油（規格標準）-調節血脂","每份6顆含
EPA 667.7~1001.5 mg
DHA 367.2~500.",東翔生技股份有限公司,嬰幼兒、孕婦、糖尿病患者或正在服用抗凝血劑之凝血功能不全者，食用前請先徵詢醫師意見。,http://consumer.fda.gov.tw//Food/InfoHealthFoodDetail.aspx?nodeID=162&id=1539
253,衛部健食規字第000079號,金紅麴 植物膠囊,"調節血脂, 紅麴（規格標準）-調節血脂",HMG-CoA還原酵素抑制劑Monacolin K,兆億憓生物科技有限公司,1.患有嚴重疾病、感染症、肝病或經外科手術等情況者，請勿食用。,http://consumer.fda.gov.tw//Food/InfoHealthFoodDetail.aspx?nodeID=162&id=1542
254,衛部健食規字第000080號,菁萃純淨DHA魚油軟膠囊,"調節血脂, 魚油（規格標準）-調節血脂","每份6 顆含
EPA 288~432 mg
DHA 918~1368 mg
魚油",宏曄生物科技有限公司,1.嬰幼兒、孕婦、糖尿病患者或正在服用抗凝血劑之凝血功能不全者，食用前請先徵詢醫師意見。,http://consumer.fda.gov.tw//Food/InfoHealthFoodDetail.aspx?nodeID=162&id=1541
255,衛部健食規字第000081號,大醫生技DHA+EPA TG型魚油膠囊,"調節血脂, 魚油（規格標準）-調節血脂","EPA 307.2~460.8 mg
DHA 716.8~1075.2 mg
魚",大醫生技股份有限公司,嬰幼兒、孕婦、糖尿病患者或正在服用抗凝血劑之凝血功能不全者，食用前請先徵詢醫師意見。,http://consumer.fda.gov.tw//Food/InfoHealthFoodDetail.aspx?nodeID=162&id=1544
256,衛部健食規字第000082號,淨醇紅麴膠囊,"調節血脂, 紅麴（規格標準）-調節血脂",每份含Monacolin K 9.92~14.88 mg/g,宏曄生物科技有限公司,1.患有嚴重疾病、感染症、肝病或經外科手術等情況者，請勿食用。,http://consumer.fda.gov.tw/Food/InfoHealthFoodDetail.aspx?nodeID=162&id=1549
257,衛部健食規字第000083號,健字紅麴膠囊,"調節血脂, 紅麴（規格標準）-調節血脂",每份1顆含HMG-COA還原酵素抑制劑Monacolin K 9.51~14.2,騰勢股份有限公司,1.患有嚴重疾病、感染症、肝病或經外科手術等情況者，請勿食用。,http://consumer.fda.gov.tw/Food/InfoHealthFoodDetail.aspx?nodeID=162&id=1553
258,衛部健食規字第000084號,保通紅麴膠囊,"調節血脂, 紅麴（規格標準）-調節血脂","每粒膠囊含HMG-CoA還原酵素抑制劑
Monacolin K 2.65~3.9",優生生物科技股份有限公司,1.患有嚴重疾病、感染症、肝病或經外科手術等情況者，請勿食用。,http://consumer.fda.gov.tw/Food/InfoHealthFoodDetail.aspx?nodeID=162&id=1562
259,衛部健食規字第000086號,速清紅麴膠囊,"調節血脂, 紅麴（規格標準）-調節血脂",HMG-CoA還原酵素抑制劑 20-30毫克/公克,上浤醫藥生技股份有限公司,1. 患有嚴重疾病、感染症、肝病或經外科手術等情況者，請勿食用。,http://consumer.fda.gov.tw/Food/InfoHealthFoodDetail.aspx?nodeID=162&id=156
260,衛部健食規字第000087號,速霸清紅麴膠囊,"調節血脂, 紅麴（規格標準）-調節血脂",Monacolin K：20 ~ 30 mg/g,上浤醫藥生技股份有限公司,1.患有嚴重疾病、感染症、肝病或經外科手術等情況者，請勿食用。,http://consumer.fda.gov.tw/Food/InfoHealthFoodDetail.aspx?nodeID=162&id=1574
261,衛部健食規字第000088號,活力清魚油軟膠囊,"調節血脂, 魚油（規格標準）-調節血脂","EPA	23.0~30.0 g/100 g
DHA	15.0~20.0 g/10",愷達生醫有限公司,嬰幼兒、孕婦、糖尿病患者或正在服用抗凝血劑之凝血功能不全者，食用前請先徵詢醫師意見。,http://consumer.fda.gov.tw/Food/InfoHealthFoodDetail.aspx?nodeID=162&id=1576
262,衛部健食規字第000089號,艾通魚油軟膠囊,"調節血脂, 魚油（規格標準）-調節血脂","EPA	23.0~30.0 g/100 g
DHA	15.0~20.0 g/10",綠光生醫有限公司,嬰幼兒、孕婦、糖尿病患者或正在服用抗凝血劑之凝血功能不全者，食用前請先徵詢醫師意見。,http://consumer.fda.gov.tw/Food/InfoHealthFoodDetail.aspx?nodeID=162&id=1581
263,衛部健食規字第000091號,尚介清魚油軟膠囊,"調節血脂, 魚油（規格標準）-調節血脂","EPA	22.0 ~ 30.0 g/100 g
DHA	13.6 ~ 20.0 ",上浤醫藥生技股份有限公司,嬰幼兒、孕婦、糖尿病患者或正在服用抗凝血劑之凝血功能不全者，食用前請先徵詢醫師意見。,http://consumer.fda.gov.tw/Food/InfoHealthFoodDetail.aspx?nodeID=162&id=1578
264,衛部健食規字第000092號,速通魚油軟膠囊,"調節血脂, 魚油（規格標準）-調節血脂","EPA	22.0 ~ 30.0 g/100 g
DHA	13.6 ~ 20.0 ",上浤醫藥生技股份有限公司,嬰幼兒、孕婦、糖尿病患者或正在服用抗凝血劑之凝血功能不全者，食用前請先徵詢醫師意見。,http://consumer.fda.gov.tw/Food/InfoHealthFoodDetail.aspx?nodeID=162&id=1580
265,衛部健食規字第000093號,譚博士生技頂級紅麴膠囊,"調節血脂, 紅麴（規格標準）-調節血脂","每份含HMG-CoA還原酵素抑制劑
Monacolin K含量為5.8～8.7毫",譚博士生技有限公司,1.患有嚴重疾病、感染症、肝病或經外科手術等情況者，請勿食用。,http://consumer.fda.gov.tw/Food/InfoHealthFoodDetail.aspx?nodeID=162&id=1590
266,衛署健食字第A00001號,威望身寶寧,調節血脂,"EPA, DHA 蒜素",維達股份有限公司,嬰幼兒、孕婦、糖尿病患者或正在服用抗凝血劑之凝血功能不全者，食用前請先徵詢醫師意見。,https://consumer.fda.gov.tw/Food/InfoHealthFoodDetail.aspx?nodeID=162&id=1
267,衛署健食字第A00003號,雙鶴極品靈芝,"免疫調節, 護肝",每份含多醣體225毫克，三萜類216毫克,勇健工業股份有限公司,無,https://consumer.fda.gov.tw/Food/InfoHealthFoodDetail.aspx?nodeID=162&id=3
268,衛署健食字第A00004號,如新華茂紅麴清醇膠囊,調節血脂,HMG-CoA 還原酵素抑制劑,美商如新華茂股份有限公司台灣分公司,(A)患有嚴重疾病、感染症、肝病或經外科手術等情況，請勿使用。,https://consumer.fda.gov.tw/Food/InfoHealthFoodDetail.aspx?nodeID=162&id=4
269,衛署健食字第A00006號,統一AB原味優酪乳,胃腸功能改善,每100 毫升含雷特氏B 菌1*10^8 CFU 以上,統一企業股份有限公司,無,https://consumer.fda.gov.tw/Food/InfoHealthFoodDetail.aspx?nodeID=162&id=196
270,衛署健食字第A00007號,賜多利奶粉,"調節血脂, 免疫調節, 胃腸功能改善","特定免疫球蛋白G：4,000活性力價/克以上
以上） 總免疫球蛋白G： 300毫",連法國際實業股份有限公司,․對牛奶過敏者不適飲用。,https://consumer.fda.gov.tw/Food/InfoHealthFoodDetail.aspx?nodeID=162&id=397
271,衛署健食字第A00010號,桂格原片原味大燕麥片,調節血脂,每一份量37.5 公克：含-聚葡萄糖   1.5～2.3 公克,佳格食品股份有限公司,攝取本產品應取代等量之日常穀類飲食。多食無益。,https://consumer.fda.gov.tw/Food/InfoHealthFoodDetail.aspx?nodeID=162&id=8
272,衛署健食字第A00011號,桂格即沖即食大燕麥片,"調節血脂, 不易形成體脂肪",每一份量37.5 公克：含β-聚葡萄糖   1.5～2.3 公克,佳格食品股份有限公司,(1) 攝取本產品應取代等量之日常穀類飲食。,https://consumer.fda.gov.tw//Food/InfoHealthFoodDetail.aspx?nodeID=162&id=9
273,衛署健食字第A00012號,奧利多碳酸飲料,胃腸功能改善,"寡醣含量:
2.47 - 2.73 公克/100 毫升。",金車股份有限公司,無特殊警語,https://consumer.fda.gov.tw//Food/InfoHealthFoodDetail.aspx?nodeID=162&id=10
274,衛署健食字第A00017號,威望佳美鈣,骨質保健,鈣、維生素Ｄ3、鎂、鋅,維達股份有限公司,規格一（1300毫克/粒）：一日請勿超過7粒。多食無益。,https://consumer.fda.gov.tw//Food/InfoHealthFoodDetail.aspx?nodeID=162&id=15
275,衛署健食字第A00018號,人參精萃膠囊,"免疫調節, 抗疲勞",總人參配醣體,悅寶生物科技股份有限公司,●若食用後發生任何異於平常或非預期之反應，應諮詢醫師。,https://consumer.fda.gov.tw//Food/InfoHealthFoodDetail.aspx?nodeID=162&id=16
276,衛署健食字第A00022號,波爾Green Time益牙口香糖-薄荷風味,牙齒保健,木糖醇,金車股份有限公司,無特殊警語,https://consumer.fda.gov.tw//Food/InfoHealthFoodDetail.aspx?nodeID=162&id=20
277,衛署健食字第A00023號,如新華茂超級靈芝,"免疫調節功能, 護肝功能",靈芝三帖類、 靈芝多醣體,美商如新華茂股份有限公司台灣分公司,無特殊警語,https://consumer.fda.gov.tw//Food/InfoHealthFoodDetail.aspx?nodeID=162&id=197
278,衛署健食字第A00024號,光泉晶球優酪乳 - 原味低脂,胃腸功能改善,比菲德氏龍根菌,光泉牧場股份有限公司,本產品含有牛奶，對其過敏者不宜食用。,https://consumer.fda.gov.tw//Food/InfoHealthFoodDetail.aspx?nodeID=162&id=21
279,衛署健食字第A00026號,桂格三寶燕麥,調節血脂,β-聚葡萄糖,佳格食品股份有限公司,無特殊警語,https://consumer.fda.gov.tw//Food/InfoHealthFoodDetail.aspx?nodeID=162&id=23
280,衛署健食字第A00027號,金車補給園乳酸活菌複方膠囊,胃腸功能改善,活性乳酸菌、比菲德氏菌,金車股份有限公司,本產品含有菊苣纖維，食用後會促進腸道蠕動，並產生脹氣及排氣等現象，若有不適者請停止食用。,https://consumer.fda.gov.tw//Food/InfoHealthFoodDetail.aspx?nodeID=162&id=24
281,衛署健食字第A00028號,葡萄王LGG特益菌,胃腸功能改善,Lactobacillus casei sp. rhamnosus GG,葡萄王生技股份有限公司,一歲以下的嬰兒不得食用。,https://consumer.fda.gov.tw//Food/InfoHealthFoodDetail.aspx?nodeID=162&id=25
282,衛署健食字第A00029號,金車補給園幾丁聚醣複方膠囊,調節血脂,幾丁聚醣、類黃酮,金車股份有限公司,1.建議對蝦蟹過敏者避免食用。,https://consumer.fda.gov.tw//Food/InfoHealthFoodDetail.aspx?nodeID=162&id=26
283,衛署健食字第A00030號,高鈣脫脂奶粉,"調節血脂, 胃腸功能改善",總乳酸菌、比菲德氏菌及鈣為品管指標成分,佳格食品股份有限公司,有乳糖不耐症者，食用前請先洽詢醫師或營養師意見。,https://consumer.fda.gov.tw//Food/InfoHealthFoodDetail.aspx?nodeID=162&id=27
284,衛署健食字第A00032號,養樂多活菌發酵乳,胃腸功能改善,代田乳酸菌,養樂多股份有限公司,過敏原資訊：本產品含有牛奶。,https://consumer.fda.gov.tw//Food/InfoHealthFoodDetail.aspx?nodeID=162&id=29
285,衛署健食字第A00033號,健康調和油 (暫停生產),調節血脂功能,油酸、 亞麻油酸、 次亞麻油酸,台灣第一生化科技股份有限公司,1.三少（少鹽、少糖、少油）的飲食原則，有助身體健康。,https://consumer.fda.gov.tw//Food/InfoHealthFoodDetail.aspx?nodeID=162&id=30
286,衛署健食字第A00034號,洛神花保健膠囊,"調節血脂, 護肝",類黃酮素、多酚酸、花青素,愛健生命科學股份有限公司(95/8/11核准將許可證由寰生公司轉移給愛健),無特殊警語,https://consumer.fda.gov.tw//Food/InfoHealthFoodDetail.aspx?nodeID=162&id=31
287,衛署健食字第A00036號(本證失效),維力康膠囊,,甘草素,震達科技股份有限公司,1.GOT、GTP持續異常升高可能是肝病變所引起，應立即就醫。,https://consumer.fda.gov.tw//Food/InfoHealthFoodDetail.aspx?nodeID=162&id=33
288,衛署健食字第A00039號,高鈣低脂三益菌全家奶粉,胃腸功能改善,乳酸桿菌、 比菲德氏菌,佳格食品股份有限公司,本產品含菊糖，食用後可能產生脹氣及排氣等現象，若有不適者，請停止食用。,https://consumer.fda.gov.tw//Food/InfoHealthFoodDetail.aspx?nodeID=162&id=36
289,衛署健食字第A00040號,微庫醇紅麴膠囊,調節血脂,HMG-COA還原酵素抑制劑-Monacolin K,生達化學製藥股份有限公司,1.患有嚴重疾病、感染症、肝病或經外科手術等情況者，請勿食用。,https://consumer.fda.gov.tw//Food/InfoHealthFoodDetail.aspx?nodeID=162&id=37
290,衛署健食字第A00042號,TCELL-1乳酸菌粉,胃腸功能改善,Lactobacillus rhamnosus Tcell-1,鼎健生物科技食品股份有限公司,無特殊警語,https://consumer.fda.gov.tw//Food/InfoHealthFoodDetail.aspx?nodeID=162&id=39
291,衛署健食字第A00043號,葡萄王靈芝王,免疫調節,靈芝粗多醣體,葡萄王生技股份有限公司,無。,https://consumer.fda.gov.tw//Food/InfoHealthFoodDetail.aspx?nodeID=162&id=40
292,衛署健食字第A00044號,甘蔗原素錠POLICOSANOL,調節血脂,甘蔗原素,悅寶生物科技股份有限公司,"1.本品含甘蔗原素,食用本品前或需服用其他藥物時,請先洽醫師或營養師之意見。",https://consumer.fda.gov.tw//Food/InfoHealthFoodDetail.aspx?nodeID=162&id=41
293,衛署健食字第A00045號,順康500香菇菌絲體萃取物,護肝,香菇菌絲體萃取物,宗信燦股份有限公司,本產品含有乳糖 (牛奶製品),https://consumer.fda.gov.tw//Food/InfoHealthFoodDetail.aspx?nodeID=162&id=42
294,衛署健食字第A00048號,立康生醫益菌多顆粒,胃腸功能改善,龍根雙歧桿菌、有胞子性乳酸菌,生展生物科技股份有限公司,無特殊警語,https://consumer.fda.gov.tw//Food/InfoHealthFoodDetail.aspx?nodeID=162&id=45
295,衛署健食字第A00049號,悅寶甘蔗原素錠10mg,調節血脂,甘蔗原素,悅寶生物科技股份有限公司,"1.本品含甘蔗原素,食用本品前或需服用其他藥物時,請先洽詢醫師及營養師之",https://consumer.fda.gov.tw//Food/InfoHealthFoodDetail.aspx?nodeID=162&id=46
296,衛署健食字第A00052號,統一陽光低糖高纖豆漿,調節血脂,"每100 毫升含 
黃豆蛋白質：3.0~3.8 公克、菊苣纖維：1.7~2.3 ",統一企業股份有限公司,痛風及腎臟病人請洽詢醫師或營養師有關食用本品之意見。,https://consumer.fda.gov.tw//Food/InfoHealthFoodDetail.aspx?nodeID=162&id=48
297,衛署健食字第A00053號,威望常寶寧(飲品),胃腸功能改善,嗜乳酸桿菌及保加利亞乳酸桿菌、雙岐雙叉桿菌及龍根菌、嗜熱性鏈球菌,維達股份有限公司,無,https://consumer.fda.gov.tw//Food/InfoHealthFoodDetail.aspx?nodeID=162&id=49
298,衛署健食字第A00056號,統一活力寶典極品靈芝,護肝,靈芝酸a、靈芝酸b,統一企業股份有限公司,無,https://consumer.fda.gov.tw//Food/InfoHealthFoodDetail.aspx?nodeID=162&id=52
299,衛署健食字第A00058號,益齒達®無糖口香糖-薄荷,牙齒保健,木糖醇,台灣瑪氏股份有限公司,1.少吃甜食，維持口腔衛生是防止蛀牙的最基本要素。,https://consumer.fda.gov.tw//Food/InfoHealthFoodDetail.aspx?nodeID=162&id=54
300,衛署健食字第A00059號,養氣人蔘,護肝,每一份量60毫升：含人蔘皂苷Rg2：1.11 ~ 1.67毫克。,佳格食品股份有限公司,無特殊警語,https://consumer.fda.gov.tw//Food/InfoHealthFoodDetail.aspx?nodeID=162&id=55
301,衛署健食字第A00060號,茶裏王日式無糖綠茶,調節血脂,兒茶素39±7.8 mg/100 mL,統一企業股份有限公司,無,https://consumer.fda.gov.tw//Food/InfoHealthFoodDetail.aspx?nodeID=162&id=56
302,衛署健食字第A00061號,每朝健康綠茶,"調節血脂, 不易形成體脂肪, 胃腸功能改善, 護肝","兒茶素 61.6 ~ 92.4 毫克/100 毫升
菊苣纖維 1.8 ~ 2.5",維他露食品股份有限公司,1. 本產品含有菊苣纖維，飲用後會促進腸道蠕動，並產生脹氣及排氣等現象，若有不適者，請停止飲用。,https://consumer.fda.gov.tw//Food/InfoHealthFoodDetail.aspx?nodeID=162&id=398
303,衛署健食字第A00062號,養生液,"調節血脂, 免疫調節, 胃腸功能改善",大豆發酵液,中天生物科技股份有限公司,1.請依建議量食用，食用過量可能會造成短暫間歇流涎現象。,https://consumer.fda.gov.tw//Food/InfoHealthFoodDetail.aspx?nodeID=162&id=57
304,衛署健食字第A00063號,白蘭氏鷄精,"免疫調節, 抗疲勞",1.每68 毫升，以總支鏈胺基酸「白胺酸、異白胺酸、纈胺酸」為指標成分：0.38,馬來西亞商三得利食品飲料股份有限公司台灣分公司,1.如有特殊體質，請向專業人士諮詢。,https://consumer.fda.gov.tw//Food/InfoHealthFoodDetail.aspx?nodeID=162&id=58
305,衛署健食字第A00065號,統一活力寶典特級蜂膠,免疫調節,"總類黃酮
chrysin：4.8-7.2mg/份
pinocembrin：2.4",統一企業股份有限公司,嬰兒、孕婦及對蜂膠產品過敏者不宜使用；如欲使用者，請先諮詢醫師或營養師之建議。,https://consumer.fda.gov.tw//Food/InfoHealthFoodDetail.aspx?nodeID=162&id=1468
306,衛署健食字第A00066號,引藻™片(小球藻W-87),"調節血脂, 調節血糖, 免疫調節",小球藻,國際引藻生物科技股份有限公司,1.有過敏體質或自體免疫疾病者，請洽詢醫師意見小心使用。,https://consumer.fda.gov.tw//Food/InfoHealthFoodDetail.aspx?nodeID=162&id=61
307,衛署健食字第A00067號,統一綺麗健康油,不易形成體脂肪,中鏈脂肪酸11.1-15.0%,統一企業股份有限公司,1.三少(少鹽、少糖、少油)的飲食原則，有助身體健康。,https://consumer.fda.gov.tw//Food/InfoHealthFoodDetail.aspx?nodeID=162&id=62
308,衛署健食字第A00069號,雙鶴御品靈芝,"輔助調整過敏體質, 延緩衰老","A.膠囊-每份含:
.靈芝酸 及靈芝烯酸D：47.7~69.3毫克 
.多醣肽 ",勇健工業股份有限公司,無,https://consumer.fda.gov.tw//Food/InfoHealthFoodDetail.aspx?nodeID=162&id=64
309,衛署健食字第A00070號,如新華茂益生菌配方（膠囊食品）,胃腸功能改善,每份含PCC乳酸桿菌  2x10^9 CFU以上,美商如新華茂股份有限公司台灣分公司,本產品非藥品，供保健用，罹病者仍需就醫。請依建議攝取量食用，勿過量,https://consumer.fda.gov.tw//Food/InfoHealthFoodDetail.aspx?nodeID=162&id=65
310,衛署健食字第A00071號,紅麴養生穀粉,調節血脂,每一份量30 g：含HMG-CoA 還原酵素抑制劑4.8毫克。,佳格食品股份有限公司,1.患有嚴重疾病、感染症、肝病或經外科手術等情況者，請勿食用。,https://consumer.fda.gov.tw//Food/InfoHealthFoodDetail.aspx?nodeID=162&id=66
311,衛署健食字第A00073號,統一四物雞精,抗疲勞,"甲肌肽：218~300 毫克/瓶 
肌  肽：48~ 68 毫克/瓶",統一企業股份有限公司,支鏈有機酸尿症（例如楓糖尿症）患者應避免食用。,https://consumer.fda.gov.tw//Food/InfoHealthFoodDetail.aspx?nodeID=162&id=68
312,衛署健食字第A00076號,炳翰人參粉,調節血糖,每一份量 1.0 公克,炳翰製藥廠股份有限公司,A、本產品非屬治療及矯正疾病用藥品。,https://consumer.fda.gov.tw//Food/InfoHealthFoodDetail.aspx?nodeID=162&id=70
313,衛署健食字第A00077號,可立清機能性粉末,調節血脂,每份L-精胺酸5000 毫克,友華生技醫藥股份有限公司,孕婦及哺乳婦，食用前請先洽醫療專業人員。,https://consumer.fda.gov.tw//Food/InfoHealthFoodDetail.aspx?nodeID=162&id=71
314,衛署健食字第A00081號,桂格黃金麩片燕麥片,調節血脂,每一份量50 公克：含 β-聚葡萄糖  1.65~2.47 公克,佳格食品股份有限公司,無特殊警語,https://consumer.fda.gov.tw//Food/InfoHealthFoodDetail.aspx?nodeID=162&id=74
315,衛署健食字第A00083號,白蘭氏五味子芝麻錠,護肝,芝麻素 、五味子素B,馬來西亞商三得利食品飲料股份有限公司台灣分公司,1. 內附乾燥劑，請勿食用。,https://consumer.fda.gov.tw//Food/InfoHealthFoodDetail.aspx?nodeID=162&id=77
316,衛署健食字第A00086號,愛之味蕃茄汁(強化膳食纖維),調節血脂,難消化性麥芽糊精,愛之味股份有限公司,本產品含難消化性麥芽糊精，食用後可能產生排氣或脹氣現象，若有不適者，請停止食用。,https://consumer.fda.gov.tw//Food/InfoHealthFoodDetail.aspx?nodeID=162&id=80
317,衛署健食字第A00089號,愛之味春心茶,調節血脂功能,兒茶素,愛之味股份有限公司,無特殊警語,https://consumer.fda.gov.tw//Food/InfoHealthFoodDetail.aspx?nodeID=162&id=82
318,衛署健食字第A00090號,統一陽光山藥薏仁高纖豆奶,調節血脂功能,黃豆蛋白質;菊糖,統一企業股份有限公司,1. 肝及腎功能不佳者，請洽詢醫師或營養師有關食用本品之意見。,https://consumer.fda.gov.tw//Food/InfoHealthFoodDetail.aspx?nodeID=162&id=83
319,衛署健食字第A00091號,活靈芝菌絲體滋補液,免疫調節功能,靈芝粗多醣,佳格食品股份有限公司,無特殊警語,https://consumer.fda.gov.tw//Food/InfoHealthFoodDetail.aspx?nodeID=162&id=84
320,衛署健食字第A00092號,元氣豆®納豆萃取膠囊,調節血脂功能,以HMG-COA還原酵素抑制劑-Monacolin K作為品管指標成份， 每粒軟,懷特生技新藥股份有限公司,1.手術前後、糖尿病或妊娠糖尿病病人及幼童，不宜食用。,https://consumer.fda.gov.tw//Food/InfoHealthFoodDetail.aspx?nodeID=162&id=85
321,衛署健食字第A00093號,健康好理由植醇葵花油,調節血脂,植醇 2.0% ± 0.4%,泰山企業股份有限公司,1.三少（少鹽、少糖、少油）的飲食原則，有助身體健康。,https://consumer.fda.gov.tw//Food/InfoHealthFoodDetail.aspx?nodeID=162&id=86
322,衛署健食字第A00098號,台糖果寡醣,胃腸功能改善,果寡醣,台灣糖業股份有限公司,(1)腸躁症及糖尿病患者食用前請先洽詢醫師或營養師；,https://consumer.fda.gov.tw//Food/InfoHealthFoodDetail.aspx?nodeID=162&id=89
323,衛署健食字第A00099號,成長奶粉健康三益菌配方,胃腸功能改善,1.總乳酸菌 A菌：Lactobacillus acidophilus C菌：L,佳格食品股份有限公司,無特殊警語,https://consumer.fda.gov.tw//Food/InfoHealthFoodDetail.aspx?nodeID=162&id=199
324,衛署健食字第A00100號,益力蔘膠囊,抗疲勞功能,每顆膠囊含總人蔘配醣體 Total Ginsenosides,信東生技股份有限公司園區分公司,請勿超過建議用量，如有不適產生應立即停止食用並就醫。,https://consumer.fda.gov.tw//Food/InfoHealthFoodDetail.aspx?nodeID=162&id=92
325,衛署健食字第A00101號,綠寶綠藻片,"調節血糖, 免疫調節","免疫調節：葉綠素為品管指標
調節血糖：α-次亞麻油酸",台灣綠藻工業股份有限公司,1.本產品不具第一型糖尿病患者之血糖調節作用。,https://consumer.fda.gov.tw//Food/InfoHealthFoodDetail.aspx?nodeID=162&id=91
326,衛署健食字第A00102號,杏輝敏益苓膠囊,"輔助調整過敏體質, 免疫調節",羊毛蘭烷三萜類 Lanostanes,杏輝藥品工業股份有限公司,有過敏體質或自體免疫疾病者，請洽詢醫師意見小心使用。,https://consumer.fda.gov.tw//Food/InfoHealthFoodDetail.aspx?nodeID=162&id=93
327,衛署健食字第A00105號,統一TGL機能優酪乳,護肝功能,1. 胺基乙酸glycine 2. 胺基丙酸alanine 3. 胺基乙磺酸,統一企業股份有限公司,無特殊警語,https://consumer.fda.gov.tw//Food/InfoHealthFoodDetail.aspx?nodeID=162&id=401
328,衛署健食字第A00106號,乳香世家優酪乳,胃腸功能改善,"1.總乳酸菌數 
2.Bifidobacterium lactis",光泉牧場股份有限公司,1.本產品含有牛奶，對其過敏者不宜食用。,https://consumer.fda.gov.tw//Food/InfoHealthFoodDetail.aspx?nodeID=162&id=96
329,衛署健食字第A00107號,白蘭氏旭沛蜆精,護肝,1.肝糖 2.總水解精胺酸、丙胺酸、甘胺酸,馬來西亞商三得利食品飲料股份有限公司台灣分公司,1.GOT、GPT值持續異常升高可能是肝病變所引起應立即就醫。,https://consumer.fda.gov.tw//Food/InfoHealthFoodDetail.aspx?nodeID=162&id=402
330,衛署健食字第A00109號,綺麗健康玄米植醇機能調合油,調節血脂功能,植物固醇,統一企業股份有限公司,（1）三少（少鹽、少糖、少油）的飲食原則，有助身體健康。,https://consumer.fda.gov.tw//Food/InfoHealthFoodDetail.aspx?nodeID=162&id=98
331,衛署健食字第A00110號,金宏裕人蔘膠囊,免疫調節,"人蔘皂苷
Ginsenosides 150毫克 / 粒",金宏裕生物科技有限公司,1.若食用後發生任何異於平常或非預期之反應，應諮詢醫師。,https://consumer.fda.gov.tw//Food/InfoHealthFoodDetail.aspx?nodeID=162&id=99
332,衛署健食字第A00111號,果醋覺醒蘋果醋飲料,胃腸功能改善,菊苣纖維,統一企業股份有限公司,本品含有菊苣纖維，飲用後會促進腸道蠕動，並產生脹氣及排氣等現象，若有不適者，請停止飲用。,https://consumer.fda.gov.tw//Food/InfoHealthFoodDetail.aspx?nodeID=162&id=100
333,衛署健食字第A00112號,植物固醇牛乳,調節血脂,植物固醇,光泉牧場股份有限公司,本產品含牛奶，對其過敏者不宜食用。該產線亦生產含芒果、花生、芝麻、牛奶、蛋、堅果類、含麩質之穀物及大豆製品。,https://consumer.fda.gov.tw//Food/InfoHealthFoodDetail.aspx?nodeID=162&id=101
334,衛署健食字第A00113號,愛之味鮮采蕃茄汁(OLIGO保健),胃腸功能改善,異麥芽寡醣,愛之味股份有限公司,無,https://consumer.fda.gov.tw//Food/InfoHealthFoodDetail.aspx?nodeID=162&id=102
335,衛署健食字第A00114號,養氣人蔘雞精,"抗疲勞, 護肝",雞精『以總支鏈胺基酸「Leucine、Isoleucine、Valine」為品管,佳格食品股份有限公司,孕婦或有特殊體質者，請向專業人士洽詢；支鏈有機酸尿症（例如楓糖尿症）患者應避免食用。,http://consumer.fda.gov.tw/Food/InfoHealthFoodDetail.aspx?nodeID=162&id=1520
336,衛署健食字第A00116號,賜多利菁華 (粉末食品),"輔助調整過敏體質功能, 免疫調節功能","1.特定免疫球蛋白G
2.總免疫球蛋白G",連法國際實業股份有限公司,․對牛奶過敏者不適飲用。,https://consumer.fda.gov.tw//Food/InfoHealthFoodDetail.aspx?nodeID=162&id=105
337,衛署健食字第A00117號,愛之味油切分解茶,"調節血糖, 不易形成體脂肪",難消化性麥芽糊精 1.35～1.65 公克/100 毫升,愛之味股份有限公司,1.本產品非屬治療及矯正疾病用藥品，糖尿病患者仍需就醫治療。,https://consumer.fda.gov.tw//Food/InfoHealthFoodDetail.aspx?nodeID=162&id=106
338,衛署健食字第A00118號,統一陽光高纖燕麥穀奶,調節血脂,β葡萄聚糖、菊苣纖維,統一企業股份有限公司,本品含有菊苣纖維，飲用後會促進腸道蠕動，若有脹氣不適者請停止飲用。,https://consumer.fda.gov.tw//Food/InfoHealthFoodDetail.aspx?nodeID=162&id=107
339,衛署健食字第A00121號,養樂多藍莓優酪乳,胃腸功能改善,活性乳酸菌,養樂多股份有限公司,過敏原資訊：本產品含有牛奶。,https://consumer.fda.gov.tw//Food/InfoHealthFoodDetail.aspx?nodeID=162&id=135
340,衛署健食字第A00122號,養樂多草苺優酪乳,胃腸功能改善,活性乳酸菌,養樂多股份有限公司,過敏原資訊：本產品含有牛奶。,https://consumer.fda.gov.tw//Food/InfoHealthFoodDetail.aspx?nodeID=162&id=110
341,衛署健食字第A00123號,養樂多原味優酪乳,胃腸功能改善,活性乳酸菌,養樂多股份有限公司,過敏原資訊：本產品含有牛奶。,https://consumer.fda.gov.tw//Food/InfoHealthFoodDetail.aspx?nodeID=162&id=111
342,衛署健食字第A00124號,國鼎力提牛樟芝菌絲體膠囊,護肝,安卓奎諾爾® 為品管指標成分,國鼎生物科技股份有限公司,(1) AST(GOT)、ALT(GPT)值持續異常升高可能是肝臟疾病所引起，應立即就醫。,https://consumer.fda.gov.tw//Food/InfoHealthFoodDetail.aspx?nodeID=162&id=112
343,衛署健食字第A00125號,康敏膠囊,輔助調整過敏體質,每顆含：Lactobacillus salivarius PM-A0006＞5.,光晟生物科技股份有限公司,使用本產品時若有發疹、嘔吐、下痢等身體不適現象，請停止食用， 並諮詢專業醫師。,https://consumer.fda.gov.tw//Food/InfoHealthFoodDetail.aspx?nodeID=162&id=113
344,衛署健食字第A00126號,“科達”股立補膠囊,骨質保健功能,Imperatorin;Osthol,科達製藥股份有限公司,無,https://consumer.fda.gov.tw//Food/InfoHealthFoodDetail.aspx?nodeID=162&id=114
345,衛署健食字第A00127號,甘喜康膠囊,護肝,多醣總量 每份1.2 公克 含104 mg±20%,泰宗生物科技股份有限公司,無特殊警語,https://consumer.fda.gov.tw//Food/InfoHealthFoodDetail.aspx?nodeID=162&id=115
346,衛署健食字第A00128號,養樂多 300LIGHT 活菌發酵乳,"輔助調整過敏體質功能, 免疫調節功能, 胃腸功能改善",養樂多代田菌 300億個以上,養樂多股份有限公司,有免疫力低下或自體免疫相關疾病者，食用前請洽詢醫師。,https://consumer.fda.gov.tw//Food/InfoHealthFoodDetail.aspx?nodeID=162&id=116
347,衛署健食字第A00129號,LP33機能優酪乳,輔助調整過敏體質,每100毫升含總乳酸菌100億個以上。,統一企業股份有限公司,無。,https://consumer.fda.gov.tw//Food/InfoHealthFoodDetail.aspx?nodeID=162&id=117
348,衛署健食字第A00130號,APF益生菌膠囊,"輔助調整過敏體質功能, 免疫調節功能",Lactobacillus paracasei 33,景岳生物科技股份有限公司,有過敏體質或自體免疫疾病者，請洽詢醫師意見小心使用。,https://consumer.fda.gov.tw//Food/InfoHealthFoodDetail.aspx?nodeID=162&id=118
349,衛署健食字第A00132號,威望高濃度魚油,調節血脂,魚油,維達股份有限公司,1. 嬰幼兒、孕婦、糖尿病患者或正在服用抗凝血劑之凝血功能不全者，食用,https://consumer.fda.gov.tw//Food/InfoHealthFoodDetail.aspx?nodeID=162&id=119
350,衛署健食字第A00133號,膳纖熟飯 健康多穀飯,調節血糖功能,難消化性麥芽糊精,華強實業股份有限公司,本產品不具第一型糖尿病患者之血糖調節作用。本產品是健康食品，並非治療及矯正疾病的藥品。糖尿病患者仍須就醫治療，多食無益。,https://consumer.fda.gov.tw//Food/InfoHealthFoodDetail.aspx?nodeID=162&id=120
351,衛署健食字第A00134號,活綠美杜莎藻膠囊,護肝,含Beta-胡蘿蔔素,光璧企業股份有限公司,無,https://consumer.fda.gov.tw//Food/InfoHealthFoodDetail.aspx?nodeID=162&id=121
352,衛署健食字第A00135號,GMADP®乳酸菌口含錠,牙齒保健,副乾酪乳桿菌 L. paracasei ≥ 3.0×10^8 cells/g 為,景岳生物科技股份有限公司,無,https://consumer.fda.gov.tw//Food/InfoHealthFoodDetail.aspx?nodeID=162&id=122
353,衛署健食字第A00137號,台糖活力養生飲,免疫調節,以多醣體及牛磺酸為品管指標成分,台灣糖業股份有限公司,1、有自體免疫體質者，請洽醫生或營養師意見，小心使用。,https://consumer.fda.gov.tw//Food/InfoHealthFoodDetail.aspx?nodeID=162&id=124
354,衛署健食字第A00138號,光泉活菌牛乳,胃腸功能改善,雙叉桿菌每毫升含1.0×10^6 CFU 以上。,光泉牧場股份有限公司,無特殊警語,https://consumer.fda.gov.tw//Food/InfoHealthFoodDetail.aspx?nodeID=162&id=125
355,衛署健食字第A00141號,敏自寧膠囊,輔助調整過敏體質,約氏乳酸菌,創益生技股份有限公司,有自體免疫相關疾病者，不宜使用。,https://consumer.fda.gov.tw//Food/InfoHealthFoodDetail.aspx?nodeID=162&id=127
356,衛署健食字第A00142號,頂級四物鐵飲料,促進鐵吸收,甘胺酸亞鐵,中天生物科技股份有限公司,1. 孕婦或接受醫師治療者，請與醫師商討後再飲用。,https://consumer.fda.gov.tw//Food/InfoHealthFoodDetail.aspx?nodeID=162&id=128
357,衛署健食字第A00143號,雞精王,抗疲勞,雞精『以總支鏈胺基酸「Leucine、Isoleucine、Valine』,佳格食品股份有限公司,1.孕婦忌食,https://consumer.fda.gov.tw//Food/InfoHealthFoodDetail.aspx?nodeID=162&id=129
358,衛署健食字第A00144號,紐崔萊薄荷大蒜片,調節血脂,蒜胺酸、潛在大蒜素,安麗日用品股份有限公司,無特殊警語,https://consumer.fda.gov.tw//Food/InfoHealthFoodDetail.aspx?nodeID=162&id=133
359,衛署健食字第A00145號,御茶園每朝健康金纖烏龍,調節血脂,"兒茶素 
菊苣纖維",維他露食品股份有限公司,無特殊警語,https://consumer.fda.gov.tw//Food/InfoHealthFoodDetail.aspx?nodeID=162&id=132
360,衛署健食字第A00146號,遠東極品 CV-66 茯加力藻錠(小球藻),調節血脂,"亞麻油酸 
次亞麻油酸",遠東生物科技股份有限公司,無。,https://consumer.fda.gov.tw//Food/InfoHealthFoodDetail.aspx?nodeID=162&id=130
361,衛署健食字第A00147號,桂格機能燕麥片,調節血糖,"β-聚葡萄醣 
;鉻",佳格食品股份有限公司,對腎功能不佳之患者，不宜使用。,https://consumer.fda.gov.tw//Food/InfoHealthFoodDetail.aspx?nodeID=162&id=136
362,衛署健食字第A00150號,台糖釋蟲草菌絲體,免疫調節,腺苷和麥角固醇,台灣糖業股份有限公司,1.均衡的飲食及適當的運動為身體健康之基礎。,https://consumer.fda.gov.tw//Food/InfoHealthFoodDetail.aspx?nodeID=162&id=142
363,衛署健食字第A00151號,威望麥苗精,調節血脂,膳食纖維,維達股份有限公司,請配合多喝開水，如有腸胃道不適者，使用前請洽詢醫師。,https://consumer.fda.gov.tw//Food/InfoHealthFoodDetail.aspx?nodeID=162&id=134
364,衛署健食字第A00153號,LS99機能優酪乳,輔助調整過敏體質,總乳酸菌;Lactobacillus salivarius subsp. Sal,光泉牧場股份有限公司,本品依每日建議攝取量400毫升，所含外加精緻糖量達26.9 公克，請注意熱量攝取。,https://consumer.fda.gov.tw//Food/InfoHealthFoodDetail.aspx?nodeID=162&id=157
365,衛署健食字第A00154號,桐核麥藍莓微泡飲料,免疫調節,多醣體,桐核麥生物科技股份有限公司,均衡飲食及適當的運動，為身體健康之基礎。,https://consumer.fda.gov.tw//Food/InfoHealthFoodDetail.aspx?nodeID=162&id=138
366,衛署健食字第A00155號,健康調合油,調節血脂,油酸,佳格食品股份有限公司,1.三少(少鹽、少糖、少油)的飲食原則，有助身體健康。,https://consumer.fda.gov.tw//Food/InfoHealthFoodDetail.aspx?nodeID=162&id=145
367,衛署健食字第A00156號,千沛純清可得膠囊,調節血脂,含HMG-COA還原酵素抑制劑Monacolin K,新萬仁化學製藥股份有限公司,患有嚴重疾病、感染症、肝病或經外科手術等情況者，請勿食用。,https://consumer.fda.gov.tw//Food/InfoHealthFoodDetail.aspx?nodeID=162&id=146
368,衛署健食字第A00157號,正宗蜆精,護肝,肝醣,佳格食品股份有限公司,無特殊警語,https://consumer.fda.gov.tw//Food/InfoHealthFoodDetail.aspx?nodeID=162&id=140
369,衛署健食字第A00158號,心之友達Q10紅麴膠囊,調節血脂,"每份膠囊含 輔酵素Q10  27~30 毫克
HMG-CoA 還原酵素抑制劑 1",逢興生物科技股份有限公司,1. 一日請勿超過2 粒，多食無益。,https://consumer.fda.gov.tw//Food/InfoHealthFoodDetail.aspx?nodeID=162&id=405
370,衛署健食字第A00159號,濃韻烏龍茶,"調節血脂, 不易形成體脂肪",兒茶素45±9 mg/100 mL,統一企業股份有限公司,無,https://consumer.fda.gov.tw//Food/InfoHealthFoodDetail.aspx?nodeID=162&id=143
371,衛署健食字第A00160號,濃韻日式綠茶,調節血脂,兒茶素43.5±8.7 mg/100 mL,統一企業股份有限公司,無,https://consumer.fda.gov.tw//Food/InfoHealthFoodDetail.aspx?nodeID=162&id=144
372,衛署健食字第A00161號,桂格喝的燕麥(原味),"調節血脂, 不易形成體脂肪",每 100 毫升含-葡聚醣：320～480 毫克,佳格食品股份有限公司,(1)攝取本產品應取代等量之日常穀類飲食。,https://consumer.fda.gov.tw//Food/InfoHealthFoodDetail.aspx?nodeID=162&id=141
373,衛署健食字第A00162號,雙效活靈芝滋補液,"免疫調節, 延緩衰老",靈芝粗多醣,佳格食品股份有限公司,1.有過敏體質或自體免疫體質者，請洽醫師意見小心使用。,https://consumer.fda.gov.tw//Food/InfoHealthFoodDetail.aspx?nodeID=162&id=158
374,衛署健食字第A00163號,暢酵順保健醱酵粉,胃腸功能改善,總乳酸菌,美樂佛國際行銷有限公司,本產品含有奶類。乳酸菌培養製程中，使用奶類和大豆類。,https://consumer.fda.gov.tw//Food/InfoHealthFoodDetail.aspx?nodeID=162&id=153
375,衛署健食字第A00164號,衛傑膠囊,胃腸功能改善,活性總乳酸菌,葡萄王生技股份有限公司,無特殊警語,https://consumer.fda.gov.tw//Food/InfoHealthFoodDetail.aspx?nodeID=162&id=152
376,衛署健食字第A00165號,台糖蜆精,"抗疲勞, 護肝",以肝醣：≧7.5 毫克/毫升，做為品質管制指標成分。,台灣糖業股份有限公司,1. GOT、GPT值持續異常升高可能是肝臟疾病所引起，應立即就醫。,https://consumer.fda.gov.tw//Food/InfoHealthFoodDetail.aspx?nodeID=162&id=147
377,衛署健食字第A00167號,綠藻+乳酸菌錠,胃腸功能改善,芽孢乳酸菌,味丹生物科技股份有限公司,無特殊警語,https://consumer.fda.gov.tw//Food/InfoHealthFoodDetail.aspx?nodeID=162&id=159
378,衛署健食字第A00169號,優護奶粉,胃腸功能改善,"總乳酸菌 1.7×10^6 CFU以上
比菲德氏菌 1.7×10^7 CFU以上",佳格食品股份有限公司,一歲以下的嬰兒不得食用。,https://consumer.fda.gov.tw//Food/InfoHealthFoodDetail.aspx?nodeID=162&id=163
379,衛署健食字第A00170號,清唐速膠囊,調節血糖,1. Monacolin K 2. Quercetin,美樂佛國際行銷有限公司,1.本產品不具第一型糖尿病患者之血糖調節作用。,https://consumer.fda.gov.tw//Food/InfoHealthFoodDetail.aspx?nodeID=162&id=406
380,衛署健食字第A00171號,愛之味純濃燕麥(天然原味),"調節血脂, 免疫調節, 胃腸功能改善",β-聚葡萄糖,愛之味股份有限公司,有過敏體質或自體免疫疾病者，請洽詢醫師意見小心食用。,https://consumer.fda.gov.tw//Food/InfoHealthFoodDetail.aspx?nodeID=162&id=149
381,衛署健食字第A00172號,台糖寡醣乳酸菌,胃腸功能改善,果寡醣及活性乳酸菌,台灣糖業股份有限公司,本產品含難消化性麥芽糊精，食用後可能產生排氣與脹氣現象，若有不適者，請停止食用,https://consumer.fda.gov.tw//Food/InfoHealthFoodDetail.aspx?nodeID=162&id=150
382,衛署健食字第A00173號,納麴Q10膠囊,調節血脂,Monacolin K,永信藥品工業股份有限公司,1. 患有嚴重疾病、感染症、肝病或經外科手術等情況者，請勿食用。,https://consumer.fda.gov.tw//Food/InfoHealthFoodDetail.aspx?nodeID=162&id=151
383,衛署健食字第A00174號,優護成長配方(液態),免疫調節,每一份量220 毫升：含β-聚葡萄糖  9.25 毫克以上,佳格食品股份有限公司,無特殊警語,https://consumer.fda.gov.tw//Food/InfoHealthFoodDetail.aspx?nodeID=162&id=169
384,衛署健食字第A00176號,AB Oligo優酪乳,胃腸功能改善,活性乳酸菌,統一企業股份有限公司,無,https://consumer.fda.gov.tw//Food/InfoHealthFoodDetail.aspx?nodeID=162&id=201
385,衛署健食字第A00177號,御茶園每朝健康烏龍綠,調節血脂,兒茶素;菊苣纖維,維他露食品股份有限公司,每日飲用請勿超過2瓶,https://consumer.fda.gov.tw//Food/InfoHealthFoodDetail.aspx?nodeID=162&id=156
386,衛署健食字第A00178號,養樂多300活菌發酵乳,胃腸功能改善,Lactobacillus casei Shirota,養樂多股份有限公司,瓶底少量沈澱為「非脂肪乳固形物」，請搖勻後飲用。,https://consumer.fda.gov.tw//Food/InfoHealthFoodDetail.aspx?nodeID=162&id=160
387,衛署健食字第A00179號,綠恩綠茶萃取錠,免疫調節,"以總兒茶素為品管指標成分
。
總兒茶素 80 ± 16 毫克/錠，每份160 ±",綠恩生化科技股份有限公司,本產品含乳糖，不適合過敏體質者食用。孕婦、哺乳婦 或正在服用藥物者，請先諮詢醫師藥師或營養師建議後食用。,https://consumer.fda.gov.tw//Food/InfoHealthFoodDetail.aspx?nodeID=162&id=161
388,衛署健食字第A00180號,e脂100膠囊,調節血脂,1. HMG-CoA 還原酵素抑制劑-Monacolin K: Monacoli,彥臣生技藥品股份有限公司,1.患有嚴重疾病、感染症、肝病或經外科手術等情況者，請勿食用。,https://consumer.fda.gov.tw//Food/InfoHealthFoodDetail.aspx?nodeID=162&id=162
389,衛署健食字第A00181號,統一陽光無加糖高纖豆漿,調節血脂,"每100毫升含
黃豆蛋白質：3.0~3.8公克
菊苣纖維：1.7~2.3公克",統一企業股份有限公司,痛風及腎臟病人請洽詢醫師或營養師有關食用本品之意見。,http://consumer.fda.gov.tw//Food/InfoHealthFoodDetail.aspx?nodeID=162&id=1475
390,衛署健食字第A00182號,葡萄王樟芝王菌絲體膠囊,"護肝, 輔助調節血壓",腺苷; 芝麻素; Antrosterol; γ-胺基丁酸,葡萄王生技股份有限公司,1. AST(GOT)、ALT(GPT)值持續升高可能是肝臟疾病所引起，應立即就醫。,https://consumer.fda.gov.tw//Food/InfoHealthFoodDetail.aspx?nodeID=162&id=166
391,衛署健食字第A00183號,活綠美綠藻片,調節血脂,品管指標成分：次亞麻油酸,光璧企業股份有限公司,無特殊警語,https://consumer.fda.gov.tw//Food/InfoHealthFoodDetail.aspx?nodeID=162&id=167
392,衛署健食字第A00184號,桂格雙效健康益生菌高鈣奶粉,"調節血脂, 胃腸功能改善","總乳酸菌,比菲德氏菌",佳格食品股份有限公司,有乳糖不耐症者，食用前請先洽詢醫師或營養師意見。,https://consumer.fda.gov.tw//Food/InfoHealthFoodDetail.aspx?nodeID=162&id=165
393,衛署健食字第A00185號,桂格養生燕麥麵,調節血脂,每一份量50 公克：含 -聚葡萄醣--1.2～1.8 公克,佳格食品股份有限公司,無特殊警語,https://consumer.fda.gov.tw//Food/InfoHealthFoodDetail.aspx?nodeID=162&id=171
394,衛署健食字第A00186號,台糖蠔蜆錠,護肝,肝醣,台灣糖業股份有限公司,※以下對象食用時請先洽詢醫師或營養師有關食用本品之意見：,https://consumer.fda.gov.tw//Food/InfoHealthFoodDetail.aspx?nodeID=162&id=173
395,衛署健食字第A00187號,全家營養奶粉,免疫調節,每一份量35公克：含β-葡聚醣  30～46毫克。,佳格食品股份有限公司,有過敏體質或自體免疫疾病者，請洽詢醫師意見小心使用。,https://consumer.fda.gov.tw//Food/InfoHealthFoodDetail.aspx?nodeID=162&id=174
396,衛署健食字第A00190號,利得牛樟芝固態培養菌絲體膠囊,免疫調節,"可能總三萜：17.48~25.08 毫克/每份
腺苷：0.18~0.26 毫克/",台灣利得生物科技股份有限公司,1.有過敏體質或自體免疫疾病者，請洽詢醫師意見小心使用。,https://consumer.fda.gov.tw//Food/InfoHealthFoodDetail.aspx?nodeID=162&id=170
397,衛署健食字第A00191號,桂格健康雙效燕麥片-堅果牛奶風味,"調節血脂, 免疫調節",每一份量48 公克：含β-聚葡萄糖--1.2～1.8 公克,佳格食品股份有限公司,(1)本產品含砂糖，請注意熱量攝取。,https://consumer.fda.gov.tw//Food/InfoHealthFoodDetail.aspx?nodeID=162&id=407
398,衛署健食字第A00195號,三多健康®膳食纖維粉末食品,胃腸功能改善,每一份量10公克：含菊苣纖維7.6－9.2公克,三多士股份有限公司,本產品為菊苣纖維，食用後會促進腸道蠕動並可能會產生排氣與脹氣現象，若有不適者請停止食用。,https://consumer.fda.gov.tw//Food/InfoHealthFoodDetail.aspx?nodeID=162&id=181
399,衛署健食字第A00196號,天然綠藻錠,免疫調節,"每份葉綠素含量大於
32毫克/2公克",味丹生物科技股份有限公司,有過敏體質或自體免疫疾病者，請洽詢醫師意見小心使用。,https://consumer.fda.gov.tw//Food/InfoHealthFoodDetail.aspx?nodeID=162&id=179
400,衛署健食字第A00197號,含鐵四物飲,促進鐵吸收功能,亞鐵,佳格食品股份有限公司,(1)孕婦忌食(桂枝)及正值生理期請暫停食用。,https://consumer.fda.gov.tw//Food/InfoHealthFoodDetail.aspx?nodeID=162&id=182
401,衛署健食字第A00199號,機能燕麥麵,"調節血脂功能, 不易形成體脂肪功能",β-聚葡萄糖,佳格食品股份有限公司,攝取本產品應取代等量之日常穀類飲食。,https://consumer.fda.gov.tw//Food/InfoHealthFoodDetail.aspx?nodeID=162&id=184
402,衛署健食字第A00201號,Dr. Hsu益生菌,"輔助調整過敏體質, 胃腸功能改善",總乳酸菌2×10^9 CFU/2 g以上。,德和生物科技股份有限公司,1.有免疫相關疾病者，請謹慎食用並諮詢醫師的意見。,https://consumer.fda.gov.tw/Food/InfoHealthFoodDetail.aspx?nodeID=162&id=1499
403,衛署健食字第A00202號,白蘭氏美妍纖棗飲,胃腸功能改善,木寡醣;總膳食纖維,馬來西亞商三得利食品飲料股份有限公司台灣分公司,1.如服藥期間、孕婦、哺乳中婦女或特殊體質者，請洽詢醫師後依指示飲用。,https://consumer.fda.gov.tw//Food/InfoHealthFoodDetail.aspx?nodeID=162&id=187
404,衛署健食字第A00204號,黑松茶花綠茶,"調節血脂, 不易形成體脂肪",玉米來源可溶性纖維,黑松股份有限公司,本產品含難消化性麥芽糊精，食用後可能產生排氣與脹氣現象，若有不適者，請停止食用。,https://consumer.fda.gov.tw//Food/InfoHealthFoodDetail.aspx?nodeID=162&id=188
405,衛署健食字第A00206號,天然螺旋藻錠,調節血脂,品管指標成分:藻藍素,味丹生物科技股份有限公司,無特殊警語,https://consumer.fda.gov.tw//Food/InfoHealthFoodDetail.aspx?nodeID=162&id=191
406,衛署健食字第A00207號,綠川®黃金蜆精錠,護肝,扣除賦形劑干擾後肝醣含量≧15 mg/0.412 g,立川蜆精生技股份有限公司,1. AST(GOT)、ALT(GPT)值持續異常升高可能是肝臟疾病所引起，應立即就醫。,https://consumer.fda.gov.tw//Food/InfoHealthFoodDetail.aspx?nodeID=162&id=192
407,衛署健食字第A00209號,好豆挺錠,骨質保健功能,總異黃酮,台灣中油股份有限公司,無特殊警語,https://consumer.fda.gov.tw//Food/InfoHealthFoodDetail.aspx?nodeID=162&id=231
408,衛署健食字第A00212號(本證失效),三多好纖®健康飲 含鉻配方,調節血糖,難消化性麥芽糊精,三多士股份有限公司,警語：,https://consumer.fda.gov.tw//Food/InfoHealthFoodDetail.aspx?nodeID=162&id=210
409,衛署健食字第A00213號,味丹心茶道健康青草茶,護肝功能,品管指標成分:總多酚、橘皮苷,味丹企業股份有限公司,無特殊警語,https://consumer.fda.gov.tw//Food/InfoHealthFoodDetail.aspx?nodeID=162&id=195
410,衛署健食字第A00215號,龍泉金鑽健康麥汁(黑麥風味),胃腸功能改善,異麥芽糖,三洋藥品工業股份有限公司,無特殊警語,https://consumer.fda.gov.tw//Food/InfoHealthFoodDetail.aspx?nodeID=162&id=211
411,衛署健食字第A00217號,樂亦暢®益生菌膠囊,胃腸功能改善,1.乳酸菌; 2.總膳食纖維; 3.菊苣纖維.,景岳生物科技股份有限公司,本品含有菊苣纖維，食用後會促進腸道蠕動，並產生脹氣及排氣現象，若有不適者，請停止食用。,https://consumer.fda.gov.tw//Food/InfoHealthFoodDetail.aspx?nodeID=162&id=408
412,衛署健食字第A00218號,IMMUPHYLA LCW23®副乾酪乳酸桿菌膠囊,輔助調整過敏體質,Lactobacillus paracasei LCW23 含量為＞1×1010,生展生物科技股份有限公司,(1) 本產品含有大豆及乳糖。,https://consumer.fda.gov.tw//Food/InfoHealthFoodDetail.aspx?nodeID=162&id=209
413,衛署健食字第A00219號,金克寧銀養高鈣雙效牛奶,"調節血脂功能, 胃腸功能改善",半乳寡醣,愛之味股份有限公司,容易腹瀉體質者，應避免飲用。,https://consumer.fda.gov.tw//Food/InfoHealthFoodDetail.aspx?nodeID=162&id=212
414,衛署健食字第A00220號,台酒異麥芽寡醣,胃腸功能改善,異麥芽醣,臺灣菸酒股份有限公司臺中酒廠,(1)腸躁症及糖尿病患者食用前請先洽詢醫師或營養師。,https://consumer.fda.gov.tw//Food/InfoHealthFoodDetail.aspx?nodeID=162&id=220
415,衛署健食字第A00221號,高野家燕麥片,調節血脂功能,β-聚葡萄糖,愛之味股份有限公司,無特殊警語,https://consumer.fda.gov.tw//Food/InfoHealthFoodDetail.aspx?nodeID=162&id=213
416,衛署健食字第A00222號,田原香原味滴雞精,抗疲勞功能,總支鏈胺基酸,香港商田原香有限公司台灣分公司,支鏈有機酸尿症(例如楓糖尿症)患者應避免食用。,https://consumer.fda.gov.tw//Food/InfoHealthFoodDetail.aspx?nodeID=162&id=214
417,衛署健食字第A00223號,活力五味子錠,護肝,Sesamin;Schisandrin B,永信藥品工業股份有限公司,1.AST(GOT)、ALT(GPT)值持續異常升高可能是肝臟疾病所引起，應立即就醫。,https://consumer.fda.gov.tw//Food/InfoHealthFoodDetail.aspx?nodeID=162&id=222
418,衛署健食字第A00224號,台糖美漾纖(粉末食品),"調節血糖, 不易形成體脂肪",含難消化糊精之總膳食纖維,台灣糖業股份有限公司,1.本產品非屬治療及矯正疾病用藥品，糖尿病患者仍需就醫治療。,https://consumer.fda.gov.tw//Food/InfoHealthFoodDetail.aspx?nodeID=162&id=215
419,衛署健食字第A00225號,愛之味健康の油切分解茶,"調節血脂, 不易形成體脂肪",難消化性麥芽糊精0.73~1.09 公克/100 毫升,愛之味股份有限公司,本產品含有菊苣纖維及難消化性麥芽糊精，飲用後會促進腸道蠕動，並產生脹氣及排氣等現象，若有不適者，請停止飲用。,https://consumer.fda.gov.tw//Food/InfoHealthFoodDetail.aspx?nodeID=162&id=216
420,衛署健食字第A00226號,高積能牛蒡精華素,"胃腸功能改善, 護肝功能",綠原酸;總多酚,三益事業有限公司,"本品含有菊苣纖維,食用後若有脹氣不適者請停止食用。",https://consumer.fda.gov.tw//Food/InfoHealthFoodDetail.aspx?nodeID=162&id=223
421,衛署健食字第A00227號,御茶園特撰双茶花綠茶,"調節血脂功能, 不易形成體脂肪功能",兒茶素,維他露食品股份有限公司,本產品含難消化性麥芽糊精，食用後可能產生排氣與脹氣現象，若有不適者，請停止食用。,https://consumer.fda.gov.tw//Food/InfoHealthFoodDetail.aspx?nodeID=162&id=217
422,衛署健食字第A00228號,桂格青春養身素,"不易形成體脂肪, 延緩衰老",總多酚,佳格食品股份有限公司,有乳糖不耐症者，食用前請先洽詢醫師或營養師意見。,https://consumer.fda.gov.tw//Food/InfoHealthFoodDetail.aspx?nodeID=162&id=224
423,衛署健食字第A00229號,黃金蜆蛋白膠囊,護肝,"肝醣;精胺酸
精胺酸成分之每份內容物含量為 42.2 mg ± 6.4 mg",兆鴻生技股份有限公司,GOP、GPT值持續異常升高可能是肝病變所引起，請立即就醫。,https://consumer.fda.gov.tw//Food/InfoHealthFoodDetail.aspx?nodeID=162&id=225
424,衛署健食字第A00230號,蔓越莓醋(減糖配方),調節血脂功能,綠原酸,百家珍釀造食品股份有限公司,無特殊警語,https://consumer.fda.gov.tw//Food/InfoHealthFoodDetail.aspx?nodeID=162&id=221
425,衛署健食字第A00232號,PROTE 200益生菌,"輔助調整過敏體質, 免疫調節",Lactobacillus paracasei,創益生技股份有限公司,有免疫相關疾病者請先諮詢醫師後，再謹慎食用。本產品含有牛奶、大豆及其製品。本產品與其他含有麩質之穀物、甲殼類、芝麻、大豆,https://consumer.fda.gov.tw//Food/InfoHealthFoodDetail.aspx?nodeID=162&id=219
426,衛署健食字第A00236號,加氏立舒敏膠囊,輔助調整過敏體質功能,Lactobacillus gasseri PM-A0005,源穎生技股份有限公司,有免疫相關疾病者，請謹慎食用或洽詢醫師的意見。,https://consumer.fda.gov.tw//Food/InfoHealthFoodDetail.aspx?nodeID=162&id=238
427,衛署健食字第A00240號,丹參納麴膠囊,調節血脂,Monacolin K,統欣生物科技股份有限公司,1.患有嚴重疾病、感染症、肝病或經外科手術等情況，請勿食用。2.是否適用於膽固醇之控制，應先諮詢醫師。3.15歲以下小孩,https://consumer.fda.gov.tw//Food/InfoHealthFoodDetail.aspx?nodeID=162&id=239
428,衛署健食規字第000001號,濟生活力深海魚油膠囊,"調節血脂, 魚油（規格標準）-調節血脂","每份
含
EPA 270 ~ 450 毫克
DHA 180 ~ 300 毫克
魚",濟生醫藥生技股份有限公司,正在服用抗凝血劑者，例如：阿斯匹靈…等凝血功能不全者及嬰幼兒、孕婦或糖尿病患者，食用前請先徵詢醫師意,https://consumer.fda.gov.tw/Food/InfoHealthFoodDetail.aspx?nodeID=162&id=382
429,衛署健食規字第000002號,如新華茂精選魚油,"調節血脂, 魚油（規格標準）-調節血脂",魚油純度,美商如新華茂股份有限公司台灣分公司,無特殊警語,https://consumer.fda.gov.tw/Food/InfoHealthFoodDetail.aspx?nodeID=162&id=384
430,衛署健食規字第000003號,台糖精選魚油膠囊,"調節血脂, 魚油（規格標準）-調節血脂",w-3 脂肪酸,台灣糖業股份有限公司,正在服用抗凝血劑者，例如:阿斯匹靈…等凝血功能不全者及嬰幼兒、孕婦或糖尿病患者，食用前請先徵詢醫師意見。,httpS://consumer.fda.gov.tw/Food/InfoHealthFoodDetail.aspx?nodeID=162&id=384
431,衛署健食規字第000004號,增養紅麴膠囊,"調節血脂, 紅麴（規格標準）-調節血脂",每3粒膠囊含含HMG-COA 還原酵素抑制劑Monacolin K,普新生技股份有限公司,1. 患有嚴重疾病、感染症、肝病或經外科手術等情況者，請勿食用。,httpS://consumer.fda.gov.tw/Food/InfoHealthFoodDetail.aspx?nodeID=162&id=385
432,衛署健食規字第000005號,台糖紅麴膠囊,"調節血脂, 紅麴（規格標準）-調節血脂",HMG-COA 還原酵素抑制劑（Monacolin K,台灣糖業股份有限公司,※ 患有嚴重疾病、感染症、肝病或經外科手術等情況者，請勿食用。,httpS://consumer.fda.gov.tw/Food/InfoHealthFoodDetail.aspx?nodeID=162&id=386
433,衛署健食規字第000006號,懷特麴寶®天然紅麴膠囊,"調節血脂, 紅麴（規格標準）-調節血脂",HMG-CoA還原酵素抑制劑Monacolin K,懷特生技新藥股份有限公司,1.患有嚴重疾病、感染症、肝病或經外科手術等情況者，請勿食用。,https://consumer.fda.gov.tw/Food/InfoHealthFoodDetail.aspx?nodeID=162&id=387
434,衛署健食規字第000008號,三多健康魚油軟膠囊,"調節血脂, 魚油（規格標準）-調節血脂","每粒膠囊含:
EPA 270±54 毫克，
DHA 165±33 毫克，
魚油純",三多士股份有限公司,正在服用抗凝血劑者，例如：阿斯匹靈⋯等凝血功能不全者及嬰幼兒、孕婦或糖尿病患者，食用前請先徵詢醫師意見。,https://consumer.fda.gov.tw/Food/InfoHealthFoodDetail.aspx?nodeID=162&id=389
435,衛署健食規字第000010號,雅芳康采紅麴膠囊,"調節血脂, 紅麴（規格標準）-調節血脂",每份含HMG-CoA 還原酵素抑制劑Monacolin K 4.93 ~ 6.6,台灣雅芳股份有限公司,1. 患有嚴重疾病、感染症、肝病或經外科手術等情況者，請勿食用。,https://consumer.fda.gov.tw/Food/InfoHealthFoodDetail.aspx?nodeID=162&id=391
436,衛署健食規字第000011號,濟生紅麴王,"調節血脂, 紅麴（規格標準）-調節血脂",每份保健功效成分含 Monacolin K︰6.0 ± 1.2 毫克。,濟生醫藥生技股份有限公司,1.患有嚴重疾病、感染症、肝病或經外科手術等情況，請勿食用。,https://consumer.fda.gov.tw//Food/InfoHealthFoodDetail.aspx?nodeID=162&id=392
437,衛署健食規字第000012號,新微庫醇紅麴膠囊,"調節血脂, 紅麴（規格標準）-調節血脂",每份含HMG-CoA 還原酵素抑制劑Monacolin K 含量為7.5 ~ 9,生達化學製藥股份有限公司,1. 患有嚴重疾病、感染症、肝病或經外科手術等情況者，請,https://consumer.fda.gov.tw//Food/InfoHealthFoodDetail.aspx?nodeID=162&id=393
438,衛署健食規字第000013號,健康純淨魚油膠囊,"調節血脂功能, 魚油（規格標準）-調節血脂功能",Omega-3 acids,船井生醫股份有限公司,正在服用抗凝血劑者，例如:阿斯匹靈…等凝血功能不全者及嬰幼兒、孕婦或糖尿病患者，食用前請先徵詢醫師意見。,https://consumer.fda.gov.tw//Food/InfoHealthFoodDetail.aspx?nodeID=162&id=394
439,衛署健食規字第000016號,生活挪威深海魚油膠囊,"調節血脂功能, 魚油（規格標準）-調節血脂功能",Omega-3 acids,三皇生物科技股份有限公司,正在服用抗凝血劑者，例如:阿斯匹靈…等凝血功能不全者及嬰幼兒、孕婦或糖尿病患者，食用前請先徵詢醫師意見。,https://consumer.fda.gov.tw//Food/InfoHealthFoodDetail.aspx?nodeID=162&id=185
440,衛署健食規字第000017號,台塩大紅麴健康紅麴素食膠囊,"調節血脂, 紅麴（規格標準）-調節血脂",Monacolin K,臺鹽實業股份有限公司,1.患有嚴重疾病、感染症、肝病或經外科手術等情況者，請勿食用。,https://consumer.fda.gov.tw//Food/InfoHealthFoodDetail.aspx?nodeID=162&id=193
441,衛署健食規字第000018號,可利醇紅麴膠囊,"調節血脂功能, 紅麴（規格標準）-調節血脂功能",每2粒HMG-CoA還原酵素抑制劑Monacolin K 12.5±2.5毫克,漢聖製藥科技股份有限公司,"(1)患有嚴重疾病、感染症、肝病或經外科手術等情況,請勿食用。",https://consumer.fda.gov.tw//Food/InfoHealthFoodDetail.aspx?nodeID=162&id=203
442,衛署健食規字第000019號,港香蘭深海魚油軟膠囊,"調節血脂功能, 魚油（規格標準）-調節血脂功能",Omega-3 acids,港香蘭應用生技股份有限公司,正在服用抗凝血劑者，例如：阿斯匹靈…等凝血功能不全者及嬰幼兒、孕婦或糖尿病患者，食用前請先徵詢醫師意見。,https://consumer.fda.gov.tw//Food/InfoHealthFoodDetail.aspx?nodeID=162&id=200
443,衛署健食規字第000021號,安可健紅麴膠囊,"調節血脂, 紅麴（規格標準）-調節血脂",Monacolin K：10.5±1.5 毫克/2 顆,臺灣菸酒股份有限公司,1.患有嚴重疾病、感染症、肝病或經外科手術等情況者，請勿食用。,https://consumer.fda.gov.tw//Food/InfoHealthFoodDetail.aspx?nodeID=162&id=204
444,衛署健食規字第000024號(本證失效),紅麴養生膠囊,"調節血脂, 紅麴（規格標準）-調節血脂",Monacolin K,大江生醫股份有限公司,(1) 患有嚴重疾病、感染症、肝病或經外科手術等情況者，請勿食用。,https://consumer.fda.gov.tw//Food/InfoHealthFoodDetail.aspx?nodeID=162&id=218
445,衛署健食規字第000025號,黃金魚油膠囊,"調節血脂, 魚油（規格標準）-調節血脂",Omega-3 acids,天良生物科技企業股份有限公司,正在服用抗凝血劑者，例如：阿斯匹靈…等凝血功能不全者及嬰幼兒、孕婦或糖尿病患者，食用前請先徵詢醫師意見。,https://consumer.fda.gov.tw//Food/InfoHealthFoodDetail.aspx?nodeID=162&id=229
446,衛署健食規字第000026號,信東紅麴膠囊,"調節血脂, 紅麴（規格標準）-調節血脂",Monacolin K,信東生技股份有限公司園區分公司,(1)患有嚴重疾病、感染症、肝病或經外科手術等情況者，請勿食用。,https://consumer.fda.gov.tw//Food/InfoHealthFoodDetail.aspx?nodeID=162&id=230
447,衛署健食規字第000027號,頂級紅麴膠囊,"調節血脂, 紅麴（規格標準）-調節血脂",Monacolin K,天良生物科技企業股份有限公司,1.患有嚴重疾病、感染症、肝病或經外科手術等情況者，請勿食用。,https://consumer.fda.gov.tw//Food/InfoHealthFoodDetail.aspx?nodeID=162&id=232
448,衛署健食規字第000028號,TS6®純淨紅麴膠囊,"調節血脂, 紅麴（規格標準）-調節血脂","每顆含HMG-CoA 還原酵素抑制劑Monacolin K:
4.0±0.8 毫",天賜爾生物科技股份有限公司,1.患有嚴重疾病、感染症、肝病或外科手術等情況者，請勿食用。,https://consumer.fda.gov.tw//Food/InfoHealthFoodDetail.aspx?nodeID=162&id=233
449,衛署健食規字第000029號(本證失效),悠活紅麴植物膠囊,"調節血脂, 紅麴（規格標準）-調節血脂",Monacolin K,王子製藥股份有限公司,1. 患有嚴重疾病、感染症、肝病或經外科手術等情況者，請勿食用。,https://consumer.fda.gov.tw//Food/InfoHealthFoodDetail.aspx?nodeID=162&id=234
450,衛署健食規字第000030號,皇牌紅麴膠囊,"調節血脂, 紅麴（規格標準）-調節血脂",Monacolin K,京都念慈菴藥廠股份有限公司,(1)患有嚴重疾病、感染症、肝病或經外科手術等情況者，請勿食用。,https://consumer.fda.gov.tw//Food/InfoHealthFoodDetail.aspx?nodeID=162&id=235
451,衛署健食規字第000031號,特級紅麴皇膠囊,"調節血脂功能, 紅麴（規格標準）-調節血脂功能",Monacolin K,科達製藥股份有限公司,(1) 患有嚴重疾病、感染症、肝病或經外科手術等情況者，請勿食用。,https://consumer.fda.gov.tw//Food/InfoHealthFoodDetail.aspx?nodeID=162&id=236
452,衛署健食規字第000034號(本證失效),邁爾斯活力普紅麴膠囊,"調節血脂, 紅麴（規格標準）-調節血脂",Monacolin K,台灣邁爾斯生物科技股份有限公司,(1) 患有嚴重疾病、感染症、肝病或經外科手術等情況者，請勿食用。,https://consumer.fda.gov.tw//Food/InfoHealthFoodDetail.aspx?nodeID=162&id=237
453,衛署健食規字第000035號,甜河谷紅麴健康膠囊,"調節血脂功能, 紅麴（規格標準）-調節血脂功能",Monacolin K,甜河谷醫藥生技股份有限公司,1.請徵詢醫師、藥師或營養師有關食用本品之意見；均衡的飲食及適當的運動為身體健康之基礎。,https://consumer.fda.gov.tw//Food/InfoHealthFoodDetail.aspx?nodeID=162&id=242
454,衛署健食規字第000037號(本證失效),新優植紅麴素食膠囊,"調節血脂, 紅麴（規格標準）-調節血脂",Monacolin K,順寶生醫股份有限公司,(1)患有嚴重疾病、感染症、肝病或經外科手術等情況者，請勿食用。,https://consumer.fda.gov.tw//Food/InfoHealthFoodDetail.aspx?nodeID=162&id=243
455,衛部健食字第A00410號,原萃®日式綠茶,調節血脂,功效指標成分：總兒茶素253 ~ 379 μg/mL,英屬維京群島商太古可口可樂股份有限公司台灣分公司,無。,https://consumer.fda.gov.tw//Food/InfoHealthFoodDetail.aspx?nodeID=162&id=1496
456,衛部健食字第A00457號,健字號旨順芯德國KD頂級魚油,調節血脂,"EPA 32~48 g/100 g
DHA 24~36 g/100 g",上浤醫藥生技股份有限公司,1.嬰幼兒、孕婦、糖尿病患者或正在服用抗凝血劑之凝血功能不全者，食用前請先徵詢醫師意見。,http://consumer.fda.gov.tw/Food/InfoHealthFoodDetail.aspx?nodeID=162&id=1567
457,衛部健食規字第000062號,井田優麴膠囊,"調節血脂, 紅麴（規格標準）-調節血脂",每粒膠囊含HMG-CoA還原酵素抑制劑Monacolin K 2.85~4.28,井田生化科技股份有限公司,1.患有嚴重疾病、感染症、肝病或經外科手術等情況者，請勿食用。,https://consumer.fda.gov.tw//Food/InfoHealthFoodDetail.aspx?nodeID=162&id=335
458,衛部健食規字第000070號,速速清魚油軟膠囊,"調節血脂, 魚油（規格標準）-調節血脂","每份含
EPA 84~126 mg
DHA 380.8~571.2 mg
魚油純",和司特股份有限公司,1.正在服用抗凝血劑者，例如:阿斯匹靈…等凝血功能不全者及嬰幼兒、孕婦或糖尿病患者，食用前請先徵詢醫師意見。,https://consumer.fda.gov.tw//Food/InfoHealthFoodDetail.aspx?nodeID=162&id=1450
459,衛部健食規字第000085號,威瑪舒培大紅麴膠囊,"調節血脂, 紅麴（規格標準）-調節血脂","HMG-CoA 還原酵素抑制劑Monacolin K
22.04~29.15 m",上浤醫藥生技股份有限公司,1.患有嚴重疾病、感染症、肝病或經外科手術等情況者，,https://consumer.fda.gov.tw/Food/InfoHealthFoodDetail.aspx?nodeID=162&id=1564
460,衛部健食規字第000090號,金禾康德國頂級魚油軟膠囊,"調節血脂, 魚油（規格標準）-調節血脂","EPA	22.0~30.0 g/100 g
DHA	13.6~20.0 g/10",上浤醫藥生技股份有限公司,嬰幼兒、孕婦、糖尿病患者或正在服用抗凝血劑之凝血功能不全者，食用前請先徵詢醫師意見。,http://consumer.fda.gov.tw/Food/InfoHealthFoodDetail.aspx?nodeID=162&id=1579
461,衛署健食字第A00194號,精淬玫瑰四物飲 多酚配方,延緩衰老,每一份量60 毫升：以總多酚為品管指標成分60.9 ~ 91.5 毫克,佳格食品股份有限公司,(1)孕婦忌食(桂枝)及正值生理期請暫停食用。,http://consumer.fda.gov.tw/Food/InfoHealthFoodDetail.aspx?nodeID=162&id=1540
462,衛署健食字第A00210號,薩保寧人參皂苷精華膠囊,"調節血糖, 免疫調節",品管指標成分：人參皂苷 4.82±0.96毫克/粒,信吉媒體科技股份有限公司,有過敏體質或自體免疫疾病者，請洽詢醫師意見小心食用。,https://consumer.fda.gov.tw//Food/InfoHealthFoodDetail.aspx?nodeID=162&id=207
463,衛部健食字第A00473號,複合益生菌酵素粉,胃腸功能改善,總乳酸菌≧1.1×106 CFU/包,宏曄生物科技有限公司,1.本產品含牛奶及其製品，不適合對其過敏體質者食用,http://consumer.fda.gov.tw/Food/InfoHealthFoodDetail.aspx?nodeID=162&id=1594
464,衛部健食規字第000094號,精粹紅麴隨手包,"調節血脂, 紅麴（規格標準）-調節血脂",每份含HMG-CoA 還原酵素抑制劑-Monacolin K 含量為8.04~1,振翔生物科技有限公司,1.患有嚴重疾病、感染症、肝病或經外科手術等情況者，請勿食用。,http://consumer.fda.gov.tw/Food/InfoHealthFoodDetail.aspx?nodeID=162&id=1595

